## Insert Fake Data ##

use divulgaeditais;



## modalities ##
INSERT INTO `divulgaeditais`.`modalities` (`modality_id`,`acronyms`,`description`)VALUES(<{modality_id: }>,<{acronyms: }>,<{description: }>);

## users_roles ##
## users ##
## roles ##
## providers ##
## notices ##

INSERT INTO `divulgaeditais`.`notices`(`notice_id`,`modality_id`,`number`,`object`,`trading_date`,`url`)VALUES(<{notice_id: }>,<{modality_id: }>,<{number: }>,
<{object: }>,
<{trading_date: }>,
<{url: }>);




INSERT INTO courses (course_id,name,short_name,modality,shift) VALUES (1,'Curso 1','Nome Abreviado 1',1,3);
INSERT INTO courses (course_id,name,short_name,modality,shift) VALUES (2,'Curso 2','Nome Abreviado 2',1,3);
INSERT INTO courses (course_id,name,short_name,modality,shift) VALUES (3,'Curso 3','Nome Abreviado 3',2,1);
INSERT INTO courses (course_id,name,short_name,modality,shift) VALUES (4,'Curso 4','Nome Abreviado 4',2,1);
INSERT INTO courses (course_id,name,short_name,modality,shift) VALUES (5,'Curso 5','Nome Abreviado 5',3,2);
INSERT INTO courses (course_id,name,short_name,modality,shift) VALUES (6,'Curso 6','Nome Abreviado 6',3,2);
INSERT INTO courses (course_id,name,short_name,modality,shift) VALUES (7,'Curso 7','Nome Abreviado 7',1,3);
INSERT INTO courses (course_id,name,short_name,modality,shift) VALUES (8,'Curso 8','Nome Abreviado 8',1,3);
INSERT INTO courses (course_id,name,short_name,modality,shift) VALUES (9,'Curso 9','Nome Abreviado 9',2,1);
INSERT INTO courses (course_id,name,short_name,modality,shift) VALUES (10,'Curso 10','Nome Abreviado 10',2,1);
INSERT INTO courses (course_id,name,short_name,modality,shift) VALUES (11,'Curso 11','Nome Abreviado 11',3,2);
INSERT INTO courses (course_id,name,short_name,modality,shift) VALUES (12,'Curso 12','Nome Abreviado 12',3,2);
INSERT INTO courses (course_id,name,short_name,modality,shift) VALUES (13,'Curso 13','Nome Abreviado 13',1,3);
INSERT INTO courses (course_id,name,short_name,modality,shift) VALUES (14,'Curso 14','Nome Abreviado 14',1,3);
INSERT INTO courses (course_id,name,short_name,modality,shift) VALUES (15,'Curso 15','Nome Abreviado 15',2,1);
INSERT INTO courses (course_id,name,short_name,modality,shift) VALUES (16,'Curso 16','Nome Abreviado 16',2,1);
INSERT INTO courses (course_id,name,short_name,modality,shift) VALUES (17,'Curso 17','Nome Abreviado 17',3,2);
INSERT INTO courses (course_id,name,short_name,modality,shift) VALUES (18,'Curso 18','Nome Abreviado 18',3,2);
INSERT INTO courses (course_id,name,short_name,modality,shift) VALUES (19,'Curso 19','Nome Abreviado 19',1,3);
INSERT INTO courses (course_id,name,short_name,modality,shift) VALUES (20,'Curso 20','Nome Abreviado 20',1,3);
INSERT INTO courses (course_id,name,short_name,modality,shift) VALUES (21,'Curso 21','Nome Abreviado 21',2,1);
INSERT INTO courses (course_id,name,short_name,modality,shift) VALUES (22,'Curso 22','Nome Abreviado 22',2,1);
INSERT INTO courses (course_id,name,short_name,modality,shift) VALUES (23,'Curso 23','Nome Abreviado 23',3,2);
INSERT INTO courses (course_id,name,short_name,modality,shift) VALUES (24,'Curso 24','Nome Abreviado 24',3,2);

## Traineeships ##
INSERT INTO traineeships (traineeship_id,hour_load,description,short_description) VALUES (1,100,'Estágio Obrigatório com descrição detalhada1','Estágio Obrigatório1');
INSERT INTO traineeships (traineeship_id,hour_load,description,short_description) VALUES (2,200,'Estágio Curricular com descrição detalhada2','Estágio Curricular2');
INSERT INTO traineeships (traineeship_id,hour_load,description,short_description) VALUES (3,300,'Estágio Opcional com descrição detalhada3','Estágio Opcional3');
INSERT INTO traineeships (traineeship_id,hour_load,description,short_description) VALUES (4,400,'Estágio Obrigatório com descrição detalhada4','Estágio Obrigatório4');
INSERT INTO traineeships (traineeship_id,hour_load,description,short_description) VALUES (5,500,'Estágio Curricular com descrição detalhada5','Estágio Curricular5');
INSERT INTO traineeships (traineeship_id,hour_load,description,short_description) VALUES (6,600,'Estágio Opcional com descrição detalhada6','Estágio Opcional6');
INSERT INTO traineeships (traineeship_id,hour_load,description,short_description) VALUES (7,700,'Estágio Obrigatório com descrição detalhada7','Estágio Obrigatório7');
INSERT INTO traineeships (traineeship_id,hour_load,description,short_description) VALUES (8,800,'Estágio Curricular com descrição detalhada8','Estágio Curricular8');
INSERT INTO traineeships (traineeship_id,hour_load,description,short_description) VALUES (9,900,'Estágio Opcional com descrição detalhada9','Estágio Opcional9');
INSERT INTO traineeships (traineeship_id,hour_load,description,short_description) VALUES (10,100,'Estágio Obrigatório com descrição detalhada10','Estágio Obrigatório10');
INSERT INTO traineeships (traineeship_id,hour_load,description,short_description) VALUES (11,100,'Estágio Curricular com descrição detalhada11','Estágio Curricular11');
INSERT INTO traineeships (traineeship_id,hour_load,description,short_description) VALUES (12,100,'Estágio Opcional com descrição detalhada12','Estágio Opcional12');
INSERT INTO traineeships (traineeship_id,hour_load,description,short_description) VALUES (13,100,'Estágio Obrigatório com descrição detalhada13','Estágio Obrigatório13');
INSERT INTO traineeships (traineeship_id,hour_load,description,short_description) VALUES (14,100,'Estágio Curricular com descrição detalhada14','Estágio Curricular14');
INSERT INTO traineeships (traineeship_id,hour_load,description,short_description) VALUES (15,100,'Estágio Opcional com descrição detalhada15','Estágio Opcional15');
INSERT INTO traineeships (traineeship_id,hour_load,description,short_description) VALUES (16,100,'Estágio Obrigatório com descrição detalhada16','Estágio Obrigatório16');
INSERT INTO traineeships (traineeship_id,hour_load,description,short_description) VALUES (17,100,'Estágio Curricular com descrição detalhada17','Estágio Curricular17');
INSERT INTO traineeships (traineeship_id,hour_load,description,short_description) VALUES (18,100,'Estágio Opcional com descrição detalhada18','Estágio Opcional18');
INSERT INTO traineeships (traineeship_id,hour_load,description,short_description) VALUES (19,100,'Estágio Obrigatório com descrição detalhada19','Estágio Obrigatório19');
INSERT INTO traineeships (traineeship_id,hour_load,description,short_description) VALUES (20,100,'Estágio Curricular com descrição detalhada20','Estágio Curricular20');
INSERT INTO traineeships (traineeship_id,hour_load,description,short_description) VALUES (21,100,'Estágio Opcional com descrição detalhada21','Estágio Opcional21');
INSERT INTO traineeships (traineeship_id,hour_load,description,short_description) VALUES (22,100,'Estágio Obrigatório com descrição detalhada22','Estágio Obrigatório22');
INSERT INTO traineeships (traineeship_id,hour_load,description,short_description) VALUES (23,100,'Estágio Curricular com descrição detalhada23','Estágio Curricular23');
INSERT INTO traineeships (traineeship_id,hour_load,description,short_description) VALUES (24,100,'Estágio Opcional com descrição detalhada24','Estágio Opcional24');

## PPCs ##
INSERT INTO ppcs (ppc_id,date,place,class_hour,weeks_number,course_id,traineeship_id) VALUES (1,'2015-06-24','Poços',60,20,1,1);
INSERT INTO ppcs (ppc_id,date,place,class_hour,weeks_number,course_id,traineeship_id) VALUES (2,'2015-06-25','Passos',70,30,2,2);
INSERT INTO ppcs (ppc_id,date,place,class_hour,weeks_number,course_id,traineeship_id) VALUES (3,'2015-06-26','Machado',80,40,3,3);
INSERT INTO ppcs (ppc_id,date,place,class_hour,weeks_number,course_id,traineeship_id) VALUES (4,'2015-06-27','Poços',90,50,4,4);
INSERT INTO ppcs (ppc_id,date,place,class_hour,weeks_number,course_id,traineeship_id) VALUES (5,'2015-06-28','Passos',100,60,5,5);
INSERT INTO ppcs (ppc_id,date,place,class_hour,weeks_number,course_id,traineeship_id) VALUES (6,'2015-06-29','Machado',110,70,6,6);
INSERT INTO ppcs (ppc_id,date,place,class_hour,weeks_number,course_id,traineeship_id) VALUES (7,'2015-06-24','Poços',60,20,7,7);
INSERT INTO ppcs (ppc_id,date,place,class_hour,weeks_number,course_id,traineeship_id) VALUES (8,'2015-06-25','Passos',70,30,8,8);
INSERT INTO ppcs (ppc_id,date,place,class_hour,weeks_number,course_id,traineeship_id) VALUES (9,'2015-06-26','Machado',80,40,9,9);
INSERT INTO ppcs (ppc_id,date,place,class_hour,weeks_number,course_id,traineeship_id) VALUES (10,'2015-06-27','Poços',90,50,10,10);
INSERT INTO ppcs (ppc_id,date,place,class_hour,weeks_number,course_id,traineeship_id) VALUES (11,'2015-06-28','Passos',100,60,11,11);
INSERT INTO ppcs (ppc_id,date,place,class_hour,weeks_number,course_id,traineeship_id) VALUES (12,'2015-06-29','Machado',110,70,12,12);
INSERT INTO ppcs (ppc_id,date,place,class_hour,weeks_number,course_id,traineeship_id) VALUES (13,'2015-06-24','Poços',60,20,13,13);
INSERT INTO ppcs (ppc_id,date,place,class_hour,weeks_number,course_id,traineeship_id) VALUES (14,'2015-06-25','Passos',70,30,14,14);
INSERT INTO ppcs (ppc_id,date,place,class_hour,weeks_number,course_id,traineeship_id) VALUES (15,'2015-06-26','Machado',80,40,15,15);
INSERT INTO ppcs (ppc_id,date,place,class_hour,weeks_number,course_id,traineeship_id) VALUES (16,'2015-06-27','Poços',90,50,16,16);
INSERT INTO ppcs (ppc_id,date,place,class_hour,weeks_number,course_id,traineeship_id) VALUES (17,'2015-06-28','Passos',100,60,17,17);
INSERT INTO ppcs (ppc_id,date,place,class_hour,weeks_number,course_id,traineeship_id) VALUES (18,'2015-06-29','Machado',110,70,18,18);
INSERT INTO ppcs (ppc_id,date,place,class_hour,weeks_number,course_id,traineeship_id) VALUES (19,'2015-06-24','Poços',60,20,19,19);
INSERT INTO ppcs (ppc_id,date,place,class_hour,weeks_number,course_id,traineeship_id) VALUES (20,'2015-06-25','Passos',70,30,20,20);
INSERT INTO ppcs (ppc_id,date,place,class_hour,weeks_number,course_id,traineeship_id) VALUES (21,'2015-06-26','Machado',80,40,21,21);
INSERT INTO ppcs (ppc_id,date,place,class_hour,weeks_number,course_id,traineeship_id) VALUES (22,'2015-06-27','Poços',90,50,22,22);
INSERT INTO ppcs (ppc_id,date,place,class_hour,weeks_number,course_id,traineeship_id) VALUES (23,'2015-06-28','Passos',100,60,23,23);
INSERT INTO ppcs (ppc_id,date,place,class_hour,weeks_number,course_id,traineeship_id) VALUES (24,'2015-06-29','Machado',110,70,24,24);

## Disciplines ##
INSERT INTO disciplines (discipline_id,period_series,menu,name,week_classes,type) VALUES (1,1,'Ementa da Disciplina 1', 'Disciplina 1', 50, 'Teórica1');
INSERT INTO disciplines (discipline_id,period_series,menu,name,week_classes,type) VALUES (2,2,'Ementa da Disciplina 2', 'Disciplina 2', 60, 'Teórica2');
INSERT INTO disciplines (discipline_id,period_series,menu,name,week_classes,type) VALUES (3,3,'Ementa da Disciplina 3', 'Disciplina 3', 70, 'Teórica3');
INSERT INTO disciplines (discipline_id,period_series,menu,name,week_classes,type) VALUES (4,4,'Ementa da Disciplina 4', 'Disciplina 4', 80, 'Prática4');
INSERT INTO disciplines (discipline_id,period_series,menu,name,week_classes,type) VALUES (5,5,'Ementa da Disciplina 5', 'Disciplina 5', 90, 'Prática5');
INSERT INTO disciplines (discipline_id,period_series,menu,name,week_classes,type) VALUES (6,6,'Ementa da Disciplina 6', 'Disciplina 6', 110, 'Prática6');
INSERT INTO disciplines (discipline_id,period_series,menu,name,week_classes,type) VALUES (7,7,'Ementa da Disciplina 7', 'Disciplina 7', 120, 'Prática7');
INSERT INTO disciplines (discipline_id,period_series,menu,name,week_classes,type) VALUES (8,8,'Ementa da Disciplina 8', 'Disciplina 8', 50, 'Teórica1');
INSERT INTO disciplines (discipline_id,period_series,menu,name,week_classes,type) VALUES (9,9,'Ementa da Disciplina 9', 'Disciplina 9', 60, 'Teórica2');
INSERT INTO disciplines (discipline_id,period_series,menu,name,week_classes,type) VALUES (10,10,'Ementa da Disciplina 10', 'Disciplina 10', 70, 'Teórica3');
INSERT INTO disciplines (discipline_id,period_series,menu,name,week_classes,type) VALUES (11,11,'Ementa da Disciplina 11', 'Disciplina 11', 80, 'Prática4');
INSERT INTO disciplines (discipline_id,period_series,menu,name,week_classes,type) VALUES (12,12,'Ementa da Disciplina 12', 'Disciplina 12', 90, 'Prática5');
INSERT INTO disciplines (discipline_id,period_series,menu,name,week_classes,type) VALUES (13,13,'Ementa da Disciplina 13', 'Disciplina 13', 110, 'Prática6');
INSERT INTO disciplines (discipline_id,period_series,menu,name,week_classes,type) VALUES (14,14,'Ementa da Disciplina 14', 'Disciplina 14', 120, 'Prática7');
INSERT INTO disciplines (discipline_id,period_series,menu,name,week_classes,type) VALUES (15,15,'Ementa da Disciplina 15', 'Disciplina 15', 60, 'Teórica2');
INSERT INTO disciplines (discipline_id,period_series,menu,name,week_classes,type) VALUES (16,16,'Ementa da Disciplina 16', 'Disciplina 16', 70, 'Teórica3');
INSERT INTO disciplines (discipline_id,period_series,menu,name,week_classes,type) VALUES (17,17,'Ementa da Disciplina 17', 'Disciplina 17', 80, 'Prática4');
INSERT INTO disciplines (discipline_id,period_series,menu,name,week_classes,type) VALUES (18,18,'Ementa da Disciplina 18', 'Disciplina 18', 90, 'Prática5');
INSERT INTO disciplines (discipline_id,period_series,menu,name,week_classes,type) VALUES (19,19,'Ementa da Disciplina 19', 'Disciplina 19', 110, 'Prática6');
INSERT INTO disciplines (discipline_id,period_series,menu,name,week_classes,type) VALUES (20,20,'Ementa da Disciplina 20', 'Disciplina 20', 120, 'Prática7');
INSERT INTO disciplines (discipline_id,period_series,menu,name,week_classes,type) VALUES (21,21,'Ementa da Disciplina 21', 'Disciplina 21', 60, 'Teórica2');
INSERT INTO disciplines (discipline_id,period_series,menu,name,week_classes,type) VALUES (22,22,'Ementa da Disciplina 22', 'Disciplina 22', 70, 'Teórica3');
INSERT INTO disciplines (discipline_id,period_series,menu,name,week_classes,type) VALUES (23,23,'Ementa da Disciplina 23', 'Disciplina 23', 60, 'Teórica2');
INSERT INTO disciplines (discipline_id,period_series,menu,name,week_classes,type) VALUES (24,24,'Ementa da Disciplina 24', 'Disciplina 24', 70, 'Teórica3');

## Rectories ##
INSERT INTO rectories (rectory_id,cnpj,name) VALUES (1,'CNPJ Reitoria 1','Nome Reitoria 1');
INSERT INTO rectories (rectory_id,cnpj,name) VALUES (2,'CNPJ Reitoria 2','Nome Reitoria 2');
INSERT INTO rectories (rectory_id,cnpj,name) VALUES (3,'CNPJ Reitoria 3','Nome Reitoria 3');
INSERT INTO rectories (rectory_id,cnpj,name) VALUES (4,'CNPJ Reitoria 4','Nome Reitoria 4');
INSERT INTO rectories (rectory_id,cnpj,name) VALUES (5,'CNPJ Reitoria 5','Nome Reitoria 5');
INSERT INTO rectories (rectory_id,cnpj,name) VALUES (6,'CNPJ Reitoria 6','Nome Reitoria 6');
INSERT INTO rectories (rectory_id,cnpj,name) VALUES (7,'CNPJ Reitoria 7','Nome Reitoria 7');
INSERT INTO rectories (rectory_id,cnpj,name) VALUES (8,'CNPJ Reitoria 8','Nome Reitoria 8');
INSERT INTO rectories (rectory_id,cnpj,name) VALUES (9,'CNPJ Reitoria 9','Nome Reitoria 9');
INSERT INTO rectories (rectory_id,cnpj,name) VALUES (10,'CNPJ Reitoria 10','Nome Reitoria 10');
INSERT INTO rectories (rectory_id,cnpj,name) VALUES (11,'CNPJ Reitoria 11','Nome Reitoria 11');
INSERT INTO rectories (rectory_id,cnpj,name) VALUES (12,'CNPJ Reitoria 12','Nome Reitoria 12');
INSERT INTO rectories (rectory_id,cnpj,name) VALUES (13,'CNPJ Reitoria 13','Nome Reitoria 13');
INSERT INTO rectories (rectory_id,cnpj,name) VALUES (14,'CNPJ Reitoria 14','Nome Reitoria 14');
INSERT INTO rectories (rectory_id,cnpj,name) VALUES (15,'CNPJ Reitoria 15','Nome Reitoria 15');
INSERT INTO rectories (rectory_id,cnpj,name) VALUES (16,'CNPJ Reitoria 16','Nome Reitoria 16');
INSERT INTO rectories (rectory_id,cnpj,name) VALUES (17,'CNPJ Reitoria 17','Nome Reitoria 17');
INSERT INTO rectories (rectory_id,cnpj,name) VALUES (18,'CNPJ Reitoria 18','Nome Reitoria 18');
INSERT INTO rectories (rectory_id,cnpj,name) VALUES (19,'CNPJ Reitoria 19','Nome Reitoria 19');
INSERT INTO rectories (rectory_id,cnpj,name) VALUES (20,'CNPJ Reitoria 20','Nome Reitoria 20');
INSERT INTO rectories (rectory_id,cnpj,name) VALUES (21,'CNPJ Reitoria 21','Nome Reitoria 21');
INSERT INTO rectories (rectory_id,cnpj,name) VALUES (22,'CNPJ Reitoria 22','Nome Reitoria 22');
INSERT INTO rectories (rectory_id,cnpj,name) VALUES (23,'CNPJ Reitoria 23','Nome Reitoria 23');
INSERT INTO rectories (rectory_id,cnpj,name) VALUES (24,'CNPJ Reitoria 24','Nome Reitoria 24');

## Campus ##
INSERT INTO campus (campus_id,name,cnpj,rectory_id) VALUES (1,'Nome Campus 1','CNPJ Campus 1', 1);
INSERT INTO campus (campus_id,name,cnpj,rectory_id) VALUES (2,'Nome Campus 2','CNPJ Campus 2', 2);
INSERT INTO campus (campus_id,name,cnpj,rectory_id) VALUES (3,'Nome Campus 3','CNPJ Campus 3', 3);
INSERT INTO campus (campus_id,name,cnpj,rectory_id) VALUES (4,'Nome Campus 4','CNPJ Campus 4', 4);
INSERT INTO campus (campus_id,name,cnpj,rectory_id) VALUES (5,'Nome Campus 5','CNPJ Campus 5', 5);
INSERT INTO campus (campus_id,name,cnpj,rectory_id) VALUES (6,'Nome Campus 6','CNPJ Campus 6', 6);
INSERT INTO campus (campus_id,name,cnpj,rectory_id) VALUES (7,'Nome Campus 7','CNPJ Campus 7', 7);
INSERT INTO campus (campus_id,name,cnpj,rectory_id) VALUES (8,'Nome Campus 8','CNPJ Campus 8', 8);
INSERT INTO campus (campus_id,name,cnpj,rectory_id) VALUES (9,'Nome Campus 9','CNPJ Campus 9', 9);
INSERT INTO campus (campus_id,name,cnpj,rectory_id) VALUES (10,'Nome Campus 10','CNPJ Campus 10', 10);
INSERT INTO campus (campus_id,name,cnpj,rectory_id) VALUES (11,'Nome Campus 11','CNPJ Campus 11', 11);
INSERT INTO campus (campus_id,name,cnpj,rectory_id) VALUES (12,'Nome Campus 12','CNPJ Campus 12', 12);
INSERT INTO campus (campus_id,name,cnpj,rectory_id) VALUES (13,'Nome Campus 13','CNPJ Campus 13', 13);
INSERT INTO campus (campus_id,name,cnpj,rectory_id) VALUES (14,'Nome Campus 14','CNPJ Campus 14', 14);
INSERT INTO campus (campus_id,name,cnpj,rectory_id) VALUES (15,'Nome Campus 15','CNPJ Campus 15', 15);
INSERT INTO campus (campus_id,name,cnpj,rectory_id) VALUES (16,'Nome Campus 16','CNPJ Campus 16', 16);
INSERT INTO campus (campus_id,name,cnpj,rectory_id) VALUES (17,'Nome Campus 17','CNPJ Campus 17', 17);
INSERT INTO campus (campus_id,name,cnpj,rectory_id) VALUES (18,'Nome Campus 18','CNPJ Campus 18', 18);
INSERT INTO campus (campus_id,name,cnpj,rectory_id) VALUES (19,'Nome Campus 19','CNPJ Campus 19', 19);
INSERT INTO campus (campus_id,name,cnpj,rectory_id) VALUES (20,'Nome Campus 20','CNPJ Campus 20', 20);
INSERT INTO campus (campus_id,name,cnpj,rectory_id) VALUES (21,'Nome Campus 21','CNPJ Campus 21', 21);
INSERT INTO campus (campus_id,name,cnpj,rectory_id) VALUES (22,'Nome Campus 22','CNPJ Campus 22', 22);
INSERT INTO campus (campus_id,name,cnpj,rectory_id) VALUES (23,'Nome Campus 23','CNPJ Campus 23', 23);
INSERT INTO campus (campus_id,name,cnpj,rectory_id) VALUES (24,'Nome Campus 24','CNPJ Campus 24', 24);

## Bibliographies ##
INSERT INTO bibliographies (bibliography_id, bibliography_type,title,subtitle,edition,city_place,publisher,year,pages,volume,series,isbn) VALUES (1,1,'Título 1', 'Subtítulo 1', 2015,'Cidade 1','Editora 1', 2000, 300, 1, 'Série 1','ISBN1');
INSERT INTO bibliographies (bibliography_id, bibliography_type,title,subtitle,edition,city_place,publisher,year,pages,volume,series,isbn) VALUES (2,2,'Título 2', 'Subtítulo 2', 2016,'Cidade 2','Editora 2', 2001, 400, 2, 'Série 2','ISBN2');
INSERT INTO bibliographies (bibliography_id, bibliography_type,title,subtitle,edition,city_place,publisher,year,pages,volume,series,isbn) VALUES (3,3,'Título 3', 'Subtítulo 3', 2017,'Cidade 3','Editora 3', 2002, 500, 3, 'Série 3','ISBN3');
INSERT INTO bibliographies (bibliography_id, bibliography_type,title,subtitle,edition,city_place,publisher,year,pages,volume,series,isbn) VALUES (4,4,'Título 4', 'Subtítulo 4', 2018,'Cidade 4','Editora 4', 2003, 600, 4, 'Série 4','ISBN4');
INSERT INTO bibliographies (bibliography_id, bibliography_type,title,subtitle,edition,city_place,publisher,year,pages,volume,series,isbn) VALUES (5,1,'Título 5', 'Subtítulo 5', 2019,'Cidade 5','Editora 5', 2004, 700, 5, 'Série 5','ISBN5');
INSERT INTO bibliographies (bibliography_id, bibliography_type,title,subtitle,edition,city_place,publisher,year,pages,volume,series,isbn) VALUES (6,2,'Título 6', 'Subtítulo 6', 2020,'Cidade 6','Editora 6', 2005, 800, 6, 'Série 6','ISBN6');
INSERT INTO bibliographies (bibliography_id, bibliography_type,title,subtitle,edition,city_place,publisher,year,pages,volume,series,isbn) VALUES (7,1,'Título 7', 'Subtítulo 1', 2015,'Cidade 1','Editora 1', 2000, 300, 1, 'Série 1','ISBN1');
INSERT INTO bibliographies (bibliography_id, bibliography_type,title,subtitle,edition,city_place,publisher,year,pages,volume,series,isbn) VALUES (8,2,'Título 8', 'Subtítulo 2', 2016,'Cidade 2','Editora 2', 2001, 400, 2, 'Série 2','ISBN2');
INSERT INTO bibliographies (bibliography_id, bibliography_type,title,subtitle,edition,city_place,publisher,year,pages,volume,series,isbn) VALUES (9,3,'Título 9', 'Subtítulo 3', 2017,'Cidade 3','Editora 3', 2002, 500, 3, 'Série 3','ISBN3');
INSERT INTO bibliographies (bibliography_id, bibliography_type,title,subtitle,edition,city_place,publisher,year,pages,volume,series,isbn) VALUES (10,4,'Título 10', 'Subtítulo 4', 2018,'Cidade 4','Editora 4', 2003, 600, 4, 'Série 4','ISBN4');
INSERT INTO bibliographies (bibliography_id, bibliography_type,title,subtitle,edition,city_place,publisher,year,pages,volume,series,isbn) VALUES (11,1,'Título 11', 'Subtítulo 5', 2019,'Cidade 5','Editora 5', 2004, 700, 5, 'Série 5','ISBN5');
INSERT INTO bibliographies (bibliography_id, bibliography_type,title,subtitle,edition,city_place,publisher,year,pages,volume,series,isbn) VALUES (12,2,'Título 12', 'Subtítulo 6', 2020,'Cidade 6','Editora 6', 2005, 800, 6, 'Série 6','ISBN6');
INSERT INTO bibliographies (bibliography_id, bibliography_type,title,subtitle,edition,city_place,publisher,year,pages,volume,series,isbn) VALUES (13,1,'Título 13', 'Subtítulo 1', 2015,'Cidade 1','Editora 1', 2000, 300, 1, 'Série 1','ISBN1');
INSERT INTO bibliographies (bibliography_id, bibliography_type,title,subtitle,edition,city_place,publisher,year,pages,volume,series,isbn) VALUES (14,2,'Título 14', 'Subtítulo 2', 2016,'Cidade 2','Editora 2', 2001, 400, 2, 'Série 2','ISBN2');
INSERT INTO bibliographies (bibliography_id, bibliography_type,title,subtitle,edition,city_place,publisher,year,pages,volume,series,isbn) VALUES (15,3,'Título 15', 'Subtítulo 3', 2017,'Cidade 3','Editora 3', 2002, 500, 3, 'Série 3','ISBN3');
INSERT INTO bibliographies (bibliography_id, bibliography_type,title,subtitle,edition,city_place,publisher,year,pages,volume,series,isbn) VALUES (16,4,'Título 16', 'Subtítulo 4', 2018,'Cidade 4','Editora 4', 2003, 600, 4, 'Série 4','ISBN4');
INSERT INTO bibliographies (bibliography_id, bibliography_type,title,subtitle,edition,city_place,publisher,year,pages,volume,series,isbn) VALUES (17,1,'Título 17', 'Subtítulo 5', 2019,'Cidade 5','Editora 5', 2004, 700, 5, 'Série 5','ISBN5');
INSERT INTO bibliographies (bibliography_id, bibliography_type,title,subtitle,edition,city_place,publisher,year,pages,volume,series,isbn) VALUES (18,2,'Título 18', 'Subtítulo 6', 2020,'Cidade 6','Editora 6', 2005, 800, 6, 'Série 6','ISBN6');
INSERT INTO bibliographies (bibliography_id, bibliography_type,title,subtitle,edition,city_place,publisher,year,pages,volume,series,isbn) VALUES (19,1,'Título 19', 'Subtítulo 1', 2015,'Cidade 1','Editora 1', 2000, 300, 1, 'Série 1','ISBN1');
INSERT INTO bibliographies (bibliography_id, bibliography_type,title,subtitle,edition,city_place,publisher,year,pages,volume,series,isbn) VALUES (20,2,'Título 20', 'Subtítulo 2', 2016,'Cidade 2','Editora 2', 2001, 400, 2, 'Série 2','ISBN2');
INSERT INTO bibliographies (bibliography_id, bibliography_type,title,subtitle,edition,city_place,publisher,year,pages,volume,series,isbn) VALUES (21,3,'Título 21', 'Subtítulo 3', 2017,'Cidade 3','Editora 3', 2002, 500, 3, 'Série 3','ISBN3');
INSERT INTO bibliographies (bibliography_id, bibliography_type,title,subtitle,edition,city_place,publisher,year,pages,volume,series,isbn) VALUES (22,4,'Título 22', 'Subtítulo 4', 2018,'Cidade 4','Editora 4', 2003, 600, 4, 'Série 4','ISBN4');
INSERT INTO bibliographies (bibliography_id, bibliography_type,title,subtitle,edition,city_place,publisher,year,pages,volume,series,isbn) VALUES (23,1,'Título 23', 'Subtítulo 5', 2019,'Cidade 5','Editora 5', 2004, 700, 5, 'Série 5','ISBN5');
INSERT INTO bibliographies (bibliography_id, bibliography_type,title,subtitle,edition,city_place,publisher,year,pages,volume,series,isbn) VALUES (24,2,'Título 24', 'Subtítulo 6', 2020,'Cidade 6','Editora 6', 2005, 800, 6, 'Série 6','ISBN6');

## Authors ##
INSERT INTO authors (author_id,last_name,other_names) VALUES (1,'Último Nome 1','Outros Nomes 1');
INSERT INTO authors (author_id,last_name,other_names) VALUES (2,'Último Nome 2','Outros Nomes 2');
INSERT INTO authors (author_id,last_name,other_names) VALUES (3,'Último Nome 3','Outros Nomes 3');
INSERT INTO authors (author_id,last_name,other_names) VALUES (4,'Último Nome 4','Outros Nomes 4');
INSERT INTO authors (author_id,last_name,other_names) VALUES (5,'Último Nome 5','Outros Nomes 5');
INSERT INTO authors (author_id,last_name,other_names) VALUES (6,'Último Nome 6','Outros Nomes 6');
INSERT INTO authors (author_id,last_name,other_names) VALUES (7,'Último Nome 7','Outros Nomes 7');
INSERT INTO authors (author_id,last_name,other_names) VALUES (8,'Último Nome 8','Outros Nomes 8');
INSERT INTO authors (author_id,last_name,other_names) VALUES (9,'Último Nome 9','Outros Nomes 9');
INSERT INTO authors (author_id,last_name,other_names) VALUES (10,'Último Nome 10','Outros Nomes 10');
INSERT INTO authors (author_id,last_name,other_names) VALUES (11,'Último Nome 11','Outros Nomes 11');
INSERT INTO authors (author_id,last_name,other_names) VALUES (12,'Último Nome 12','Outros Nomes 12');
INSERT INTO authors (author_id,last_name,other_names) VALUES (13,'Último Nome 13','Outros Nomes 13');
INSERT INTO authors (author_id,last_name,other_names) VALUES (14,'Último Nome 14','Outros Nomes 14');
INSERT INTO authors (author_id,last_name,other_names) VALUES (15,'Último Nome 15','Outros Nomes 15');
INSERT INTO authors (author_id,last_name,other_names) VALUES (16,'Último Nome 16','Outros Nomes 16');
INSERT INTO authors (author_id,last_name,other_names) VALUES (17,'Último Nome 17','Outros Nomes 17');
INSERT INTO authors (author_id,last_name,other_names) VALUES (18,'Último Nome 18','Outros Nomes 18');
INSERT INTO authors (author_id,last_name,other_names) VALUES (19,'Último Nome 19','Outros Nomes 19');
INSERT INTO authors (author_id,last_name,other_names) VALUES (20,'Último Nome 20','Outros Nomes 20');
INSERT INTO authors (author_id,last_name,other_names) VALUES (21,'Último Nome 21','Outros Nomes 21');
INSERT INTO authors (author_id,last_name,other_names) VALUES (22,'Último Nome 22','Outros Nomes 22');
INSERT INTO authors (author_id,last_name,other_names) VALUES (23,'Último Nome 23','Outros Nomes 23');
INSERT INTO authors (author_id,last_name,other_names) VALUES (24,'Último Nome 24','Outros Nomes 24');

## Bibliography Authors ##
INSERT INTO bibliographies_authors (author_id,bibliography_id) VALUES (1,1);
INSERT INTO bibliographies_authors (author_id,bibliography_id) VALUES (2,2);
INSERT INTO bibliographies_authors (author_id,bibliography_id) VALUES (3,3);
INSERT INTO bibliographies_authors (author_id,bibliography_id) VALUES (4,4);
INSERT INTO bibliographies_authors (author_id,bibliography_id) VALUES (5,5);
INSERT INTO bibliographies_authors (author_id,bibliography_id) VALUES (6,6);
INSERT INTO bibliographies_authors (author_id,bibliography_id) VALUES (7,7);
INSERT INTO bibliographies_authors (author_id,bibliography_id) VALUES (8,8);
INSERT INTO bibliographies_authors (author_id,bibliography_id) VALUES (9,9);
INSERT INTO bibliographies_authors (author_id,bibliography_id) VALUES (10,10);
INSERT INTO bibliographies_authors (author_id,bibliography_id) VALUES (11,11);
INSERT INTO bibliographies_authors (author_id,bibliography_id) VALUES (12,12);
INSERT INTO bibliographies_authors (author_id,bibliography_id) VALUES (13,13);
INSERT INTO bibliographies_authors (author_id,bibliography_id) VALUES (14,14);
INSERT INTO bibliographies_authors (author_id,bibliography_id) VALUES (15,15);
INSERT INTO bibliographies_authors (author_id,bibliography_id) VALUES (16,16);
INSERT INTO bibliographies_authors (author_id,bibliography_id) VALUES (17,17);
INSERT INTO bibliographies_authors (author_id,bibliography_id) VALUES (18,18);
INSERT INTO bibliographies_authors (author_id,bibliography_id) VALUES (19,19);
INSERT INTO bibliographies_authors (author_id,bibliography_id) VALUES (20,20);
INSERT INTO bibliographies_authors (author_id,bibliography_id) VALUES (21,21);
INSERT INTO bibliographies_authors (author_id,bibliography_id) VALUES (22,22);
INSERT INTO bibliographies_authors (author_id,bibliography_id) VALUES (23,23);
INSERT INTO bibliographies_authors (author_id,bibliography_id) VALUES (24,24);

## Academics Periods ##
INSERT INTO academics_periods (academic_period_id,year,semester,type) VALUES (1, 2010, 1, 'Tipo 1');
INSERT INTO academics_periods (academic_period_id,year,semester,type) VALUES (2, 2011, 2, 'Tipo 2');
INSERT INTO academics_periods (academic_period_id,year,semester,type) VALUES (3, 2012, 3, 'Tipo 3');
INSERT INTO academics_periods (academic_period_id,year,semester,type) VALUES (4, 2013, 4, 'Tipo 4');
INSERT INTO academics_periods (academic_period_id,year,semester,type) VALUES (5, 2014, 5, 'Tipo 5');
INSERT INTO academics_periods (academic_period_id,year,semester,type) VALUES (6, 2015, 6, 'Tipo 6');
INSERT INTO academics_periods (academic_period_id,year,semester,type) VALUES (7, 2010, 1, 'Tipo 7');
INSERT INTO academics_periods (academic_period_id,year,semester,type) VALUES (8, 2011, 2, 'Tipo 8');
INSERT INTO academics_periods (academic_period_id,year,semester,type) VALUES (9, 2012, 3, 'Tipo 9');
INSERT INTO academics_periods (academic_period_id,year,semester,type) VALUES (10, 2013, 4, 'Tipo 10');
INSERT INTO academics_periods (academic_period_id,year,semester,type) VALUES (11, 2014, 5, 'Tipo 11');
INSERT INTO academics_periods (academic_period_id,year,semester,type) VALUES (12, 2015, 6, 'Tipo 12');
INSERT INTO academics_periods (academic_period_id,year,semester,type) VALUES (13, 2010, 1, 'Tipo 13');
INSERT INTO academics_periods (academic_period_id,year,semester,type) VALUES (14, 2011, 2, 'Tipo 14');
INSERT INTO academics_periods (academic_period_id,year,semester,type) VALUES (15, 2012, 3, 'Tipo 15');
INSERT INTO academics_periods (academic_period_id,year,semester,type) VALUES (16, 2013, 4, 'Tipo 16');
INSERT INTO academics_periods (academic_period_id,year,semester,type) VALUES (17, 2014, 5, 'Tipo 17');
INSERT INTO academics_periods (academic_period_id,year,semester,type) VALUES (18, 2015, 6, 'Tipo 18');
INSERT INTO academics_periods (academic_period_id,year,semester,type) VALUES (19, 2010, 1, 'Tipo 19');
INSERT INTO academics_periods (academic_period_id,year,semester,type) VALUES (20, 2011, 2, 'Tipo 20');
INSERT INTO academics_periods (academic_period_id,year,semester,type) VALUES (21, 2012, 3, 'Tipo 21');
INSERT INTO academics_periods (academic_period_id,year,semester,type) VALUES (22, 2013, 4, 'Tipo 22');
INSERT INTO academics_periods (academic_period_id,year,semester,type) VALUES (23, 2014, 5, 'Tipo 23');
INSERT INTO academics_periods (academic_period_id,year,semester,type) VALUES (24, 2015, 6, 'Tipo 24');

## Evaluations ##
INSERT INTO evaluations (evaluation_id,name,description) VALUES (1, 'Nome Avaliação 1', 'Descrição 1');
INSERT INTO evaluations (evaluation_id,name,description) VALUES (2, 'Nome Avaliação 2', 'Descrição 2');
INSERT INTO evaluations (evaluation_id,name,description) VALUES (3, 'Nome Avaliação 3', 'Descrição 3');
INSERT INTO evaluations (evaluation_id,name,description) VALUES (4, 'Nome Avaliação 4', 'Descrição 4');
INSERT INTO evaluations (evaluation_id,name,description) VALUES (5, 'Nome Avaliação 5', 'Descrição 5');
INSERT INTO evaluations (evaluation_id,name,description) VALUES (6, 'Nome Avaliação 6', 'Descrição 6');
INSERT INTO evaluations (evaluation_id,name,description) VALUES (7, 'Nome Avaliação 7', 'Descrição 1');
INSERT INTO evaluations (evaluation_id,name,description) VALUES (8, 'Nome Avaliação 8', 'Descrição 2');
INSERT INTO evaluations (evaluation_id,name,description) VALUES (9, 'Nome Avaliação 9', 'Descrição 3');
INSERT INTO evaluations (evaluation_id,name,description) VALUES (10, 'Nome Avaliação 10', 'Descrição 4');
INSERT INTO evaluations (evaluation_id,name,description) VALUES (11, 'Nome Avaliação 11', 'Descrição 5');
INSERT INTO evaluations (evaluation_id,name,description) VALUES (12, 'Nome Avaliação 12', 'Descrição 6');
INSERT INTO evaluations (evaluation_id,name,description) VALUES (13, 'Nome Avaliação 13', 'Descrição 1');
INSERT INTO evaluations (evaluation_id,name,description) VALUES (14, 'Nome Avaliação 14', 'Descrição 2');
INSERT INTO evaluations (evaluation_id,name,description) VALUES (15, 'Nome Avaliação 15', 'Descrição 3');
INSERT INTO evaluations (evaluation_id,name,description) VALUES (16, 'Nome Avaliação 16', 'Descrição 4');
INSERT INTO evaluations (evaluation_id,name,description) VALUES (17, 'Nome Avaliação 17', 'Descrição 5');
INSERT INTO evaluations (evaluation_id,name,description) VALUES (18, 'Nome Avaliação 18', 'Descrição 6');
INSERT INTO evaluations (evaluation_id,name,description) VALUES (19, 'Nome Avaliação 19', 'Descrição 1');
INSERT INTO evaluations (evaluation_id,name,description) VALUES (20, 'Nome Avaliação 20', 'Descrição 2');
INSERT INTO evaluations (evaluation_id,name,description) VALUES (21, 'Nome Avaliação 21', 'Descrição 3');
INSERT INTO evaluations (evaluation_id,name,description) VALUES (22, 'Nome Avaliação 22', 'Descrição 4');
INSERT INTO evaluations (evaluation_id,name,description) VALUES (23, 'Nome Avaliação 23', 'Descrição 5');
INSERT INTO evaluations (evaluation_id,name,description) VALUES (24, 'Nome Avaliação 24', 'Descrição 6');

## Roles ##
INSERT INTO roles (role_id,name,observation) VALUES (1, 'Administrador', 'Função Padrão do Sistema');
INSERT INTO roles (role_id,name,observation) VALUES (2, 'Nome Função 2', 'Observação Função 2');
INSERT INTO roles (role_id,name,observation) VALUES (3, 'Nome Função 3', 'Observação Função 3');
INSERT INTO roles (role_id,name,observation) VALUES (4, 'Nome Função 4', 'Observação Função 4');
INSERT INTO roles (role_id,name,observation) VALUES (5, 'Nome Função 5', 'Observação Função 5');
INSERT INTO roles (role_id,name,observation) VALUES (6, 'Nome Função 6', 'Observação Função 6');
INSERT INTO roles (role_id,name,observation) VALUES (7, 'Nome Função 7', 'Observação Função 7');
INSERT INTO roles (role_id,name,observation) VALUES (8, 'Nome Função 8', 'Observação Função 8');
INSERT INTO roles (role_id,name,observation) VALUES (9, 'Nome Função 9', 'Observação Função 9');
INSERT INTO roles (role_id,name,observation) VALUES (10, 'Nome Função 10', 'Observação Função 10');
INSERT INTO roles (role_id,name,observation) VALUES (11, 'Nome Função 11', 'Observação Função 11');
INSERT INTO roles (role_id,name,observation) VALUES (12, 'Nome Função 12', 'Observação Função 12');
INSERT INTO roles (role_id,name,observation) VALUES (13, 'Nome Função 13', 'Observação Função 13');
INSERT INTO roles (role_id,name,observation) VALUES (14, 'Nome Função 14', 'Observação Função 14');
INSERT INTO roles (role_id,name,observation) VALUES (15, 'Nome Função 15', 'Observação Função 15');
INSERT INTO roles (role_id,name,observation) VALUES (16, 'Nome Função 16', 'Observação Função 16');
INSERT INTO roles (role_id,name,observation) VALUES (17, 'Nome Função 17', 'Observação Função 17');
INSERT INTO roles (role_id,name,observation) VALUES (18, 'Nome Função 18', 'Observação Função 18');
INSERT INTO roles (role_id,name,observation) VALUES (19, 'Nome Função 19', 'Observação Função 19');
INSERT INTO roles (role_id,name,observation) VALUES (20, 'Nome Função 20', 'Observação Função 20');
INSERT INTO roles (role_id,name,observation) VALUES (21, 'Nome Função 21', 'Observação Função 21');
INSERT INTO roles (role_id,name,observation) VALUES (22, 'Nome Função 22', 'Observação Função 22');
INSERT INTO roles (role_id,name,observation) VALUES (23, 'Nome Função 23', 'Observação Função 23');
INSERT INTO roles (role_id,name,observation) VALUES (24, 'Nome Função 24', 'Observação Função 24');


## Users ##
INSERT INTO users (user_id,name,password,email) VALUES (1,'Administrador', '1VsR4a3oE9aV9rpHFeIoyxp2Kdc=', 'sisa@ifsuldeminas.edu.br');
INSERT INTO users (user_id,name,password,email) VALUES (2, 'User 2', '1VsR4a3oE9aV9rpHFeIoyxp2Kdc=', 'user2@ifsuldeminas.edu.br');
INSERT INTO users (user_id,name,password,email) VALUES (3, 'User 3', '1VsR4a3oE9aV9rpHFeIoyxp2Kdc=', 'user3@ifsuldeminas.edu.br');
INSERT INTO users (user_id,name,password,email) VALUES (4, 'User 4', '1VsR4a3oE9aV9rpHFeIoyxp2Kdc=', 'user4@ifsuldeminas.edu.br');
INSERT INTO users (user_id,name,password,email) VALUES (5, 'User 5', '1VsR4a3oE9aV9rpHFeIoyxp2Kdc=', 'user5@ifsuldeminas.edu.br');
INSERT INTO users (user_id,name,password,email) VALUES (6, 'User 6', '1VsR4a3oE9aV9rpHFeIoyxp2Kdc=', 'user6@ifsuldeminas.edu.br');
INSERT INTO users (user_id,name,password,email) VALUES (7, 'User 7', '1VsR4a3oE9aV9rpHFeIoyxp2Kdc=', 'user7@ifsuldeminas.edu.br');
INSERT INTO users (user_id,name,password,email) VALUES (8, 'User 8', '1VsR4a3oE9aV9rpHFeIoyxp2Kdc=', 'user8@ifsuldeminas.edu.br');
INSERT INTO users (user_id,name,password,email) VALUES (9, 'User 9', '1VsR4a3oE9aV9rpHFeIoyxp2Kdc=', 'user9@ifsuldeminas.edu.br');
INSERT INTO users (user_id,name,password,email) VALUES (10, 'User 10', '1VsR4a3oE9aV9rpHFeIoyxp2Kdc=', 'user10@ifsuldeminas.edu.br');
INSERT INTO users (user_id,name,password,email) VALUES (11, 'User 11', '1VsR4a3oE9aV9rpHFeIoyxp2Kdc=', 'user11@ifsuldeminas.edu.br');
INSERT INTO users (user_id,name,password,email) VALUES (12, 'User 12', '1VsR4a3oE9aV9rpHFeIoyxp2Kdc=', 'user12@ifsuldeminas.edu.br');
INSERT INTO users (user_id,name,password,email) VALUES (13, 'User 13', '1VsR4a3oE9aV9rpHFeIoyxp2Kdc=', 'user13@ifsuldeminas.edu.br');
INSERT INTO users (user_id,name,password,email) VALUES (14, 'User 14', '1VsR4a3oE9aV9rpHFeIoyxp2Kdc=', 'user14@ifsuldeminas.edu.br');
INSERT INTO users (user_id,name,password,email) VALUES (15, 'User 15', '1VsR4a3oE9aV9rpHFeIoyxp2Kdc=', 'user15@ifsuldeminas.edu.br');
INSERT INTO users (user_id,name,password,email) VALUES (16, 'User 16', '1VsR4a3oE9aV9rpHFeIoyxp2Kdc=', 'user16@ifsuldeminas.edu.br');
INSERT INTO users (user_id,name,password,email) VALUES (17, 'User 17', '1VsR4a3oE9aV9rpHFeIoyxp2Kdc=', 'user17@ifsuldeminas.edu.br');
INSERT INTO users (user_id,name,password,email) VALUES (18, 'User 18', '1VsR4a3oE9aV9rpHFeIoyxp2Kdc=', 'user18@ifsuldeminas.edu.br');
INSERT INTO users (user_id,name,password,email) VALUES (19, 'User 19', '1VsR4a3oE9aV9rpHFeIoyxp2Kdc=', 'sisa19ifsuldeminas.edu.br');
INSERT INTO users (user_id,name,password,email) VALUES (20, 'User 20', '1VsR4a3oE9aV9rpHFeIoyxp2Kdc=', 'user20@ifsuldeminas.edu.br');
INSERT INTO users (user_id,name,password,email) VALUES (21, 'User 21', '1VsR4a3oE9aV9rpHFeIoyxp2Kdc=', 'user21@ifsuldeminas.edu.br');
INSERT INTO users (user_id,name,password,email) VALUES (22, 'User 22', '1VsR4a3oE9aV9rpHFeIoyxp2Kdc=', 'user22@ifsuldeminas.edu.br');
INSERT INTO users (user_id,name,password,email) VALUES (23, 'User 23', '1VsR4a3oE9aV9rpHFeIoyxp2Kdc=', 'user23@ifsuldeminas.edu.br');
INSERT INTO users (user_id,name,password,email) VALUES (24, 'User 24', '1VsR4a3oE9aV9rpHFeIoyxp2Kdc=', 'user24@ifsuldeminas.edu.br');


## Ppc Discipline ##
INSERT INTO ppcs_disciplines (ppc_discipline_id,ppc_id,discipline_id) VALUES (1,1,1);
INSERT INTO ppcs_disciplines (ppc_discipline_id,ppc_id,discipline_id) VALUES (2,2,2);
INSERT INTO ppcs_disciplines (ppc_discipline_id,ppc_id,discipline_id) VALUES (3,3,3);
INSERT INTO ppcs_disciplines (ppc_discipline_id,ppc_id,discipline_id) VALUES (4,4,4);
INSERT INTO ppcs_disciplines (ppc_discipline_id,ppc_id,discipline_id) VALUES (5,5,5);
INSERT INTO ppcs_disciplines (ppc_discipline_id,ppc_id,discipline_id) VALUES (6,6,6);
INSERT INTO ppcs_disciplines (ppc_discipline_id,ppc_id,discipline_id) VALUES (7,7,7);
INSERT INTO ppcs_disciplines (ppc_discipline_id,ppc_id,discipline_id) VALUES (8,8,8);
INSERT INTO ppcs_disciplines (ppc_discipline_id,ppc_id,discipline_id) VALUES (9,9,9);
INSERT INTO ppcs_disciplines (ppc_discipline_id,ppc_id,discipline_id) VALUES (10,10,10);
INSERT INTO ppcs_disciplines (ppc_discipline_id,ppc_id,discipline_id) VALUES (11,11,11);
INSERT INTO ppcs_disciplines (ppc_discipline_id,ppc_id,discipline_id) VALUES (12,12,12);
INSERT INTO ppcs_disciplines (ppc_discipline_id,ppc_id,discipline_id) VALUES (13,13,13);
INSERT INTO ppcs_disciplines (ppc_discipline_id,ppc_id,discipline_id) VALUES (14,14,14);
INSERT INTO ppcs_disciplines (ppc_discipline_id,ppc_id,discipline_id) VALUES (15,15,15);
INSERT INTO ppcs_disciplines (ppc_discipline_id,ppc_id,discipline_id) VALUES (16,16,16);
INSERT INTO ppcs_disciplines (ppc_discipline_id,ppc_id,discipline_id) VALUES (17,17,17);
INSERT INTO ppcs_disciplines (ppc_discipline_id,ppc_id,discipline_id) VALUES (18,18,18);
INSERT INTO ppcs_disciplines (ppc_discipline_id,ppc_id,discipline_id) VALUES (19,19,19);
INSERT INTO ppcs_disciplines (ppc_discipline_id,ppc_id,discipline_id) VALUES (20,20,20);
INSERT INTO ppcs_disciplines (ppc_discipline_id,ppc_id,discipline_id) VALUES (21,21,21);
INSERT INTO ppcs_disciplines (ppc_discipline_id,ppc_id,discipline_id) VALUES (22,22,22);
INSERT INTO ppcs_disciplines (ppc_discipline_id,ppc_id,discipline_id) VALUES (23,23,23);
INSERT INTO ppcs_disciplines (ppc_discipline_id,ppc_id,discipline_id) VALUES (24,24,24);


## Teaching Plans ##
INSERT INTO teaching_plans(teaching_plan_id,ppc_discipline_id,academic_period_id,teacher_id,objective,teaching_procedure,recovery,observation) VALUES (1, 1, 1, 1,'Objetivo 1', 'Procedimento 1', 'Recuperação 1', 'Observação 1');
INSERT INTO teaching_plans(teaching_plan_id,ppc_discipline_id,academic_period_id,teacher_id,objective,teaching_procedure,recovery,observation) VALUES (2, 2, 2, 2,'Objetivo 2', 'Procedimento 2', 'Recuperação 2', 'Observação 2');
INSERT INTO teaching_plans(teaching_plan_id,ppc_discipline_id,academic_period_id,teacher_id,objective,teaching_procedure,recovery,observation) VALUES (3, 3, 3, 3,'Objetivo 3', 'Procedimento 3', 'Recuperação 3', 'Observação 3');
INSERT INTO teaching_plans(teaching_plan_id,ppc_discipline_id,academic_period_id,teacher_id,objective,teaching_procedure,recovery,observation) VALUES (4, 4, 4, 4,'Objetivo 4', 'Procedimento 4', 'Recuperação 4', 'Observação 4');
INSERT INTO teaching_plans(teaching_plan_id,ppc_discipline_id,academic_period_id,teacher_id,objective,teaching_procedure,recovery,observation) VALUES (5, 5, 5, 5,'Objetivo 5', 'Procedimento 5', 'Recuperação 5', 'Observação 5');
INSERT INTO teaching_plans(teaching_plan_id,ppc_discipline_id,academic_period_id,teacher_id,objective,teaching_procedure,recovery,observation) VALUES (6, 6, 6, 6,'Objetivo 6', 'Procedimento 6', 'Recuperação 6', 'Observação 6');
INSERT INTO teaching_plans(teaching_plan_id,ppc_discipline_id,academic_period_id,teacher_id,objective,teaching_procedure,recovery,observation) VALUES (7, 7, 7, 7,'Objetivo 7', 'Procedimento 1', 'Recuperação 1', 'Observação 1');
INSERT INTO teaching_plans(teaching_plan_id,ppc_discipline_id,academic_period_id,teacher_id,objective,teaching_procedure,recovery,observation) VALUES (8, 8, 8, 8,'Objetivo 8', 'Procedimento 2', 'Recuperação 2', 'Observação 2');
INSERT INTO teaching_plans(teaching_plan_id,ppc_discipline_id,academic_period_id,teacher_id,objective,teaching_procedure,recovery,observation) VALUES (9, 9, 9, 9,'Objetivo 9', 'Procedimento 3', 'Recuperação 3', 'Observação 3');
INSERT INTO teaching_plans(teaching_plan_id,ppc_discipline_id,academic_period_id,teacher_id,objective,teaching_procedure,recovery,observation) VALUES (10, 10, 10, 10,'Objetivo 10', 'Procedimento 4', 'Recuperação 4', 'Observação 4');
INSERT INTO teaching_plans(teaching_plan_id,ppc_discipline_id,academic_period_id,teacher_id,objective,teaching_procedure,recovery,observation) VALUES (11, 11, 11, 11,'Objetivo 11', 'Procedimento 5', 'Recuperação 5', 'Observação 5');
INSERT INTO teaching_plans(teaching_plan_id,ppc_discipline_id,academic_period_id,teacher_id,objective,teaching_procedure,recovery,observation) VALUES (12, 12, 12, 12,'Objetivo 12', 'Procedimento 6', 'Recuperação 6', 'Observação 6');
INSERT INTO teaching_plans(teaching_plan_id,ppc_discipline_id,academic_period_id,teacher_id,objective,teaching_procedure,recovery,observation) VALUES (13, 13, 13, 13,'Objetivo 13', 'Procedimento 1', 'Recuperação 1', 'Observação 1');
INSERT INTO teaching_plans(teaching_plan_id,ppc_discipline_id,academic_period_id,teacher_id,objective,teaching_procedure,recovery,observation) VALUES (14, 14, 14, 14,'Objetivo 14', 'Procedimento 2', 'Recuperação 2', 'Observação 2');
INSERT INTO teaching_plans(teaching_plan_id,ppc_discipline_id,academic_period_id,teacher_id,objective,teaching_procedure,recovery,observation) VALUES (15, 15, 15, 15,'Objetivo 15', 'Procedimento 3', 'Recuperação 3', 'Observação 3');
INSERT INTO teaching_plans(teaching_plan_id,ppc_discipline_id,academic_period_id,teacher_id,objective,teaching_procedure,recovery,observation) VALUES (16, 16, 16, 16,'Objetivo 16', 'Procedimento 4', 'Recuperação 4', 'Observação 4');
INSERT INTO teaching_plans(teaching_plan_id,ppc_discipline_id,academic_period_id,teacher_id,objective,teaching_procedure,recovery,observation) VALUES (17, 17, 17, 17,'Objetivo 17', 'Procedimento 5', 'Recuperação 5', 'Observação 5');
INSERT INTO teaching_plans(teaching_plan_id,ppc_discipline_id,academic_period_id,teacher_id,objective,teaching_procedure,recovery,observation) VALUES (18, 18, 18, 18,'Objetivo 18', 'Procedimento 6', 'Recuperação 6', 'Observação 6');
INSERT INTO teaching_plans(teaching_plan_id,ppc_discipline_id,academic_period_id,teacher_id,objective,teaching_procedure,recovery,observation) VALUES (19, 19, 19, 19,'Objetivo 19', 'Procedimento 1', 'Recuperação 1', 'Observação 1');
INSERT INTO teaching_plans(teaching_plan_id,ppc_discipline_id,academic_period_id,teacher_id,objective,teaching_procedure,recovery,observation) VALUES (20, 20, 20, 20,'Objetivo 20', 'Procedimento 2', 'Recuperação 2', 'Observação 2');
INSERT INTO teaching_plans(teaching_plan_id,ppc_discipline_id,academic_period_id,teacher_id,objective,teaching_procedure,recovery,observation) VALUES (21, 21, 21, 21,'Objetivo 21', 'Procedimento 3', 'Recuperação 3', 'Observação 3');
INSERT INTO teaching_plans(teaching_plan_id,ppc_discipline_id,academic_period_id,teacher_id,objective,teaching_procedure,recovery,observation) VALUES (22, 22, 22, 22,'Objetivo 22', 'Procedimento 4', 'Recuperação 4', 'Observação 4');
INSERT INTO teaching_plans(teaching_plan_id,ppc_discipline_id,academic_period_id,teacher_id,objective,teaching_procedure,recovery,observation) VALUES (23, 23, 23, 23,'Objetivo 23', 'Procedimento 5', 'Recuperação 5', 'Observação 5');
INSERT INTO teaching_plans(teaching_plan_id,ppc_discipline_id,academic_period_id,teacher_id,objective,teaching_procedure,recovery,observation) VALUES (24, 24, 24, 24,'Objetivo 24', 'Procedimento 6', 'Recuperação 6', 'Observação 6');


## Academic Period Course ##
INSERT INTO academics_periods_courses (academic_period_id,course_id) VALUES (1,1);
INSERT INTO academics_periods_courses (academic_period_id,course_id) VALUES (2,2);
INSERT INTO academics_periods_courses (academic_period_id,course_id) VALUES (3,3);
INSERT INTO academics_periods_courses (academic_period_id,course_id) VALUES (4,4);
INSERT INTO academics_periods_courses (academic_period_id,course_id) VALUES (5,5);
INSERT INTO academics_periods_courses (academic_period_id,course_id) VALUES (6,6);
INSERT INTO academics_periods_courses (academic_period_id,course_id) VALUES (7,7);
INSERT INTO academics_periods_courses (academic_period_id,course_id) VALUES (8,8);
INSERT INTO academics_periods_courses (academic_period_id,course_id) VALUES (9,9);
INSERT INTO academics_periods_courses (academic_period_id,course_id) VALUES (10,10);
INSERT INTO academics_periods_courses (academic_period_id,course_id) VALUES (11,11);
INSERT INTO academics_periods_courses (academic_period_id,course_id) VALUES (12,12);
INSERT INTO academics_periods_courses (academic_period_id,course_id) VALUES (13,13);
INSERT INTO academics_periods_courses (academic_period_id,course_id) VALUES (14,14);
INSERT INTO academics_periods_courses (academic_period_id,course_id) VALUES (15,15);
INSERT INTO academics_periods_courses (academic_period_id,course_id) VALUES (16,16);
INSERT INTO academics_periods_courses (academic_period_id,course_id) VALUES (17,17);
INSERT INTO academics_periods_courses (academic_period_id,course_id) VALUES (18,18);
INSERT INTO academics_periods_courses (academic_period_id,course_id) VALUES (19,19);
INSERT INTO academics_periods_courses (academic_period_id,course_id) VALUES (20,20);
INSERT INTO academics_periods_courses (academic_period_id,course_id) VALUES (21,21);
INSERT INTO academics_periods_courses (academic_period_id,course_id) VALUES (22,22);
INSERT INTO academics_periods_courses (academic_period_id,course_id) VALUES (23,23);
INSERT INTO academics_periods_courses (academic_period_id,course_id) VALUES (24,24);


## Disciplines Bibliographies ##
INSERT INTO disciplines_bibliographies (bibliography_id,discipline_id,is_basic) VALUES (1,1,false);
INSERT INTO disciplines_bibliographies (bibliography_id,discipline_id,is_basic) VALUES (2,2,true);
INSERT INTO disciplines_bibliographies (bibliography_id,discipline_id,is_basic) VALUES (3,3,false);
INSERT INTO disciplines_bibliographies (bibliography_id,discipline_id,is_basic) VALUES (4,4,true);
INSERT INTO disciplines_bibliographies (bibliography_id,discipline_id,is_basic) VALUES (5,5,false);
INSERT INTO disciplines_bibliographies (bibliography_id,discipline_id,is_basic) VALUES (6,6,true);
INSERT INTO disciplines_bibliographies (bibliography_id,discipline_id,is_basic) VALUES (7,7,false);
INSERT INTO disciplines_bibliographies (bibliography_id,discipline_id,is_basic) VALUES (8,8,true);
INSERT INTO disciplines_bibliographies (bibliography_id,discipline_id,is_basic) VALUES (9,9,false);
INSERT INTO disciplines_bibliographies (bibliography_id,discipline_id,is_basic) VALUES (10,10,true);
INSERT INTO disciplines_bibliographies (bibliography_id,discipline_id,is_basic) VALUES (11,11,false);
INSERT INTO disciplines_bibliographies (bibliography_id,discipline_id,is_basic) VALUES (12,12,true);
INSERT INTO disciplines_bibliographies (bibliography_id,discipline_id,is_basic) VALUES (13,13,false);
INSERT INTO disciplines_bibliographies (bibliography_id,discipline_id,is_basic) VALUES (14,14,true);
INSERT INTO disciplines_bibliographies (bibliography_id,discipline_id,is_basic) VALUES (15,15,false);
INSERT INTO disciplines_bibliographies (bibliography_id,discipline_id,is_basic) VALUES (16,16,true);
INSERT INTO disciplines_bibliographies (bibliography_id,discipline_id,is_basic) VALUES (17,17,false);
INSERT INTO disciplines_bibliographies (bibliography_id,discipline_id,is_basic) VALUES (18,18,true);
INSERT INTO disciplines_bibliographies (bibliography_id,discipline_id,is_basic) VALUES (19,19,false);
INSERT INTO disciplines_bibliographies (bibliography_id,discipline_id,is_basic) VALUES (20,20,true);
INSERT INTO disciplines_bibliographies (bibliography_id,discipline_id,is_basic) VALUES (21,21,false);
INSERT INTO disciplines_bibliographies (bibliography_id,discipline_id,is_basic) VALUES (22,22,true);
INSERT INTO disciplines_bibliographies (bibliography_id,discipline_id,is_basic) VALUES (23,23,false);
INSERT INTO disciplines_bibliographies (bibliography_id,discipline_id,is_basic) VALUES (24,24,true);


## Campus Courses ##
INSERT INTO campus_courses (campus_id,course_id) VALUES (1,1);
INSERT INTO campus_courses (campus_id,course_id) VALUES (2,2);
INSERT INTO campus_courses (campus_id,course_id) VALUES (3,3);
INSERT INTO campus_courses (campus_id,course_id) VALUES (4,4);
INSERT INTO campus_courses (campus_id,course_id) VALUES (5,5);
INSERT INTO campus_courses (campus_id,course_id) VALUES (6,6);
INSERT INTO campus_courses (campus_id,course_id) VALUES (7,7);
INSERT INTO campus_courses (campus_id,course_id) VALUES (8,8);
INSERT INTO campus_courses (campus_id,course_id) VALUES (9,9);
INSERT INTO campus_courses (campus_id,course_id) VALUES (10,10);
INSERT INTO campus_courses (campus_id,course_id) VALUES (11,11);
INSERT INTO campus_courses (campus_id,course_id) VALUES (12,12);
INSERT INTO campus_courses (campus_id,course_id) VALUES (13,13);
INSERT INTO campus_courses (campus_id,course_id) VALUES (14,14);
INSERT INTO campus_courses (campus_id,course_id) VALUES (15,15);
INSERT INTO campus_courses (campus_id,course_id) VALUES (16,16);
INSERT INTO campus_courses (campus_id,course_id) VALUES (17,17);
INSERT INTO campus_courses (campus_id,course_id) VALUES (18,18);
INSERT INTO campus_courses (campus_id,course_id) VALUES (19,19);
INSERT INTO campus_courses (campus_id,course_id) VALUES (20,20);
INSERT INTO campus_courses (campus_id,course_id) VALUES (21,21);
INSERT INTO campus_courses (campus_id,course_id) VALUES (22,22);
INSERT INTO campus_courses (campus_id,course_id) VALUES (23,23);
INSERT INTO campus_courses (campus_id,course_id) VALUES (24,24);

## Class Programming ##
INSERT INTO classes_programming (programming_id,content,classes_quantity,class_type,teaching_plan_id) VALUES (1,'Conteúdo 1',1,1,1);
INSERT INTO classes_programming (programming_id,content,classes_quantity,class_type,teaching_plan_id) VALUES (2,'Conteúdo 2',2,2,2);
INSERT INTO classes_programming (programming_id,content,classes_quantity,class_type,teaching_plan_id) VALUES (3,'Conteúdo 3',3,1,3);
INSERT INTO classes_programming (programming_id,content,classes_quantity,class_type,teaching_plan_id) VALUES (4,'Conteúdo 4',4,2,4);
INSERT INTO classes_programming (programming_id,content,classes_quantity,class_type,teaching_plan_id) VALUES (5,'Conteúdo 5',5,1,5);
INSERT INTO classes_programming (programming_id,content,classes_quantity,class_type,teaching_plan_id) VALUES (6,'Conteúdo 6',6,2,6);
INSERT INTO classes_programming (programming_id,content,classes_quantity,class_type,teaching_plan_id) VALUES (7,'Conteúdo 7',7,1,7);
INSERT INTO classes_programming (programming_id,content,classes_quantity,class_type,teaching_plan_id) VALUES (8,'Conteúdo 8',8,2,8);
INSERT INTO classes_programming (programming_id,content,classes_quantity,class_type,teaching_plan_id) VALUES (9,'Conteúdo 9',9,1,9);
INSERT INTO classes_programming (programming_id,content,classes_quantity,class_type,teaching_plan_id) VALUES (10,'Conteúdo 10',10,2,10);
INSERT INTO classes_programming (programming_id,content,classes_quantity,class_type,teaching_plan_id) VALUES (11,'Conteúdo 11',11,1,11);
INSERT INTO classes_programming (programming_id,content,classes_quantity,class_type,teaching_plan_id) VALUES (12,'Conteúdo 12',12,2,12);
INSERT INTO classes_programming (programming_id,content,classes_quantity,class_type,teaching_plan_id) VALUES (13,'Conteúdo 13',13,1,13);
INSERT INTO classes_programming (programming_id,content,classes_quantity,class_type,teaching_plan_id) VALUES (14,'Conteúdo 14',14,2,14);
INSERT INTO classes_programming (programming_id,content,classes_quantity,class_type,teaching_plan_id) VALUES (15,'Conteúdo 15',15,1,15);
INSERT INTO classes_programming (programming_id,content,classes_quantity,class_type,teaching_plan_id) VALUES (16,'Conteúdo 16',16,2,16);
INSERT INTO classes_programming (programming_id,content,classes_quantity,class_type,teaching_plan_id) VALUES (17,'Conteúdo 17',17,1,17);
INSERT INTO classes_programming (programming_id,content,classes_quantity,class_type,teaching_plan_id) VALUES (18,'Conteúdo 18',18,2,18);
INSERT INTO classes_programming (programming_id,content,classes_quantity,class_type,teaching_plan_id) VALUES (19,'Conteúdo 19',19,1,19);
INSERT INTO classes_programming (programming_id,content,classes_quantity,class_type,teaching_plan_id) VALUES (20,'Conteúdo 20',20,2,20);
INSERT INTO classes_programming (programming_id,content,classes_quantity,class_type,teaching_plan_id) VALUES (21,'Conteúdo 21',21,1,21);
INSERT INTO classes_programming (programming_id,content,classes_quantity,class_type,teaching_plan_id) VALUES (22,'Conteúdo 22',22,2,22);
INSERT INTO classes_programming (programming_id,content,classes_quantity,class_type,teaching_plan_id) VALUES (23,'Conteúdo 23',23,1,23);
INSERT INTO classes_programming (programming_id,content,classes_quantity,class_type,teaching_plan_id) VALUES (24,'Conteúdo 24',24,2,24);

## Procedures Evaluations ##
INSERT INTO procedures_evaluations (procedure_id,date,observation,teaching_plan_id,evaluation_id) VALUES (1,'2015-08-24','Observação Procedimento Avaliativo1',1,1);
INSERT INTO procedures_evaluations (procedure_id,date,observation,teaching_plan_id,evaluation_id) VALUES (2,'2015-08-25','Observação Procedimento Avaliativo2',2,2);
INSERT INTO procedures_evaluations (procedure_id,date,observation,teaching_plan_id,evaluation_id) VALUES (3,'2015-08-26','Observação Procedimento Avaliativo3',3,3);
INSERT INTO procedures_evaluations (procedure_id,date,observation,teaching_plan_id,evaluation_id) VALUES (4,'2015-08-27','Observação Procedimento Avaliativo4',4,4);
INSERT INTO procedures_evaluations (procedure_id,date,observation,teaching_plan_id,evaluation_id) VALUES (5,'2015-08-28','Observação Procedimento Avaliativo5',5,5);
INSERT INTO procedures_evaluations (procedure_id,date,observation,teaching_plan_id,evaluation_id) VALUES (6,'2015-08-29','Observação Procedimento Avaliativo6',6,6);
INSERT INTO procedures_evaluations (procedure_id,date,observation,teaching_plan_id,evaluation_id) VALUES (7,'2015-08-24','Observação Procedimento Avaliativo1',7,7);
INSERT INTO procedures_evaluations (procedure_id,date,observation,teaching_plan_id,evaluation_id) VALUES (8,'2015-08-25','Observação Procedimento Avaliativo2',8,8);
INSERT INTO procedures_evaluations (procedure_id,date,observation,teaching_plan_id,evaluation_id) VALUES (9,'2015-08-26','Observação Procedimento Avaliativo3',9,9);
INSERT INTO procedures_evaluations (procedure_id,date,observation,teaching_plan_id,evaluation_id) VALUES (10,'2015-08-27','Observação Procedimento Avaliativo4',10,10);
INSERT INTO procedures_evaluations (procedure_id,date,observation,teaching_plan_id,evaluation_id) VALUES (11,'2015-08-28','Observação Procedimento Avaliativo5',11,11);
INSERT INTO procedures_evaluations (procedure_id,date,observation,teaching_plan_id,evaluation_id) VALUES (12,'2015-08-29','Observação Procedimento Avaliativo6',12,12);
INSERT INTO procedures_evaluations (procedure_id,date,observation,teaching_plan_id,evaluation_id) VALUES (13,'2015-08-24','Observação Procedimento Avaliativo1',13,13);
INSERT INTO procedures_evaluations (procedure_id,date,observation,teaching_plan_id,evaluation_id) VALUES (14,'2015-08-25','Observação Procedimento Avaliativo2',14,14);
INSERT INTO procedures_evaluations (procedure_id,date,observation,teaching_plan_id,evaluation_id) VALUES (15,'2015-08-26','Observação Procedimento Avaliativo3',15,15);
INSERT INTO procedures_evaluations (procedure_id,date,observation,teaching_plan_id,evaluation_id) VALUES (16,'2015-08-27','Observação Procedimento Avaliativo4',16,16);
INSERT INTO procedures_evaluations (procedure_id,date,observation,teaching_plan_id,evaluation_id) VALUES (17,'2015-08-28','Observação Procedimento Avaliativo5',17,17);
INSERT INTO procedures_evaluations (procedure_id,date,observation,teaching_plan_id,evaluation_id) VALUES (18,'2015-08-29','Observação Procedimento Avaliativo6',18,18);
INSERT INTO procedures_evaluations (procedure_id,date,observation,teaching_plan_id,evaluation_id) VALUES (19,'2015-08-24','Observação Procedimento Avaliativo1',19,19);
INSERT INTO procedures_evaluations (procedure_id,date,observation,teaching_plan_id,evaluation_id) VALUES (20,'2015-08-25','Observação Procedimento Avaliativo2',20,20);
INSERT INTO procedures_evaluations (procedure_id,date,observation,teaching_plan_id,evaluation_id) VALUES (21,'2015-08-26','Observação Procedimento Avaliativo3',21,21);
INSERT INTO procedures_evaluations (procedure_id,date,observation,teaching_plan_id,evaluation_id) VALUES (22,'2015-08-27','Observação Procedimento Avaliativo4',22,22);
INSERT INTO procedures_evaluations (procedure_id,date,observation,teaching_plan_id,evaluation_id) VALUES (23,'2015-08-28','Observação Procedimento Avaliativo5',23,23);
INSERT INTO procedures_evaluations (procedure_id,date,observation,teaching_plan_id,evaluation_id) VALUES (24,'2015-08-29','Observação Procedimento Avaliativo6',24,24);

## User Role ##
INSERT INTO users_roles (user_role_id,user_id,role_id,start_date,end_date) VALUES (1,1,1,'2016-01-01','2030-12-31');
INSERT INTO users_roles (user_role_id,user_id,role_id,start_date,end_date) VALUES (2,2,2,'2015-08-10','2016-09-25');
INSERT INTO users_roles (user_role_id,user_id,role_id,start_date,end_date) VALUES (3,3,3,'2015-08-11','2016-09-26');
INSERT INTO users_roles (user_role_id,user_id,role_id,start_date,end_date) VALUES (4,4,4,'2015-08-12','2016-09-27');
INSERT INTO users_roles (user_role_id,user_id,role_id,start_date,end_date) VALUES (5,5,5,'2015-08-13','2016-09-28');
INSERT INTO users_roles (user_role_id,user_id,role_id,start_date,end_date) VALUES (6,6,6,'2015-08-14','2016-09-29');
INSERT INTO users_roles (user_role_id,user_id,role_id,start_date,end_date) VALUES (7,7,7,'2015-09-09','2015-09-24');
INSERT INTO users_roles (user_role_id,user_id,role_id,start_date,end_date) VALUES (8,8,8,'2015-09-10','2015-09-25');
INSERT INTO users_roles (user_role_id,user_id,role_id,start_date,end_date) VALUES (9,9,9,'2015-09-11','2015-09-26');
INSERT INTO users_roles (user_role_id,user_id,role_id,start_date,end_date) VALUES (10,10,10,'2015-09-12','2015-09-27');
INSERT INTO users_roles (user_role_id,user_id,role_id,start_date,end_date) VALUES (11,11,11,'2015-09-13','2015-09-28');
INSERT INTO users_roles (user_role_id,user_id,role_id,start_date,end_date) VALUES (12,12,12,'2015-09-14','2015-09-29');
INSERT INTO users_roles (user_role_id,user_id,role_id,start_date,end_date) VALUES (13,13,13,'2015-09-09','2015-09-24');
INSERT INTO users_roles (user_role_id,user_id,role_id,start_date,end_date) VALUES (14,14,14,'2015-09-10','2015-09-25');
INSERT INTO users_roles (user_role_id,user_id,role_id,start_date,end_date) VALUES (15,15,15,'2015-09-11','2015-09-26');
INSERT INTO users_roles (user_role_id,user_id,role_id,start_date,end_date) VALUES (16,16,16,'2015-09-12','2015-09-27');
INSERT INTO users_roles (user_role_id,user_id,role_id,start_date,end_date) VALUES (17,17,17,'2015-09-13','2015-09-28');
INSERT INTO users_roles (user_role_id,user_id,role_id,start_date,end_date) VALUES (18,18,18,'2015-09-14','2015-09-29');
INSERT INTO users_roles (user_role_id,user_id,role_id,start_date,end_date) VALUES (19,19,19,'2015-09-09','2015-09-24');
INSERT INTO users_roles (user_role_id,user_id,role_id,start_date,end_date) VALUES (20,20,20,'2015-09-10','2015-09-25');
INSERT INTO users_roles (user_role_id,user_id,role_id,start_date,end_date) VALUES (21,21,21,'2015-09-11','2015-09-26');
INSERT INTO users_roles (user_role_id,user_id,role_id,start_date,end_date) VALUES (22,22,22,'2015-09-12','2015-09-27');
INSERT INTO users_roles (user_role_id,user_id,role_id,start_date,end_date) VALUES (23,23,23,'2015-09-13','2015-09-28');
INSERT INTO users_roles (user_role_id,user_id,role_id,start_date,end_date) VALUES (24,24,24,'2015-09-14','2015-09-29');

## Responsible ##
INSERT INTO responsibles (responsible_id,user_role_id,teaching_plan_id) VALUES (1,1,1);
INSERT INTO responsibles (responsible_id,user_role_id,teaching_plan_id) VALUES (2,2,2);
INSERT INTO responsibles (responsible_id,user_role_id,teaching_plan_id) VALUES (3,3,3);
INSERT INTO responsibles (responsible_id,user_role_id,teaching_plan_id) VALUES (4,4,4);
INSERT INTO responsibles (responsible_id,user_role_id,teaching_plan_id) VALUES (5,5,5);
INSERT INTO responsibles (responsible_id,user_role_id,teaching_plan_id) VALUES (6,6,6);
INSERT INTO responsibles (responsible_id,user_role_id,teaching_plan_id) VALUES (7,7,7);
INSERT INTO responsibles (responsible_id,user_role_id,teaching_plan_id) VALUES (8,8,8);
INSERT INTO responsibles (responsible_id,user_role_id,teaching_plan_id) VALUES (9,9,9);
INSERT INTO responsibles (responsible_id,user_role_id,teaching_plan_id) VALUES (10,10,10);
INSERT INTO responsibles (responsible_id,user_role_id,teaching_plan_id) VALUES (11,11,11);
INSERT INTO responsibles (responsible_id,user_role_id,teaching_plan_id) VALUES (12,12,12);
INSERT INTO responsibles (responsible_id,user_role_id,teaching_plan_id) VALUES (13,13,13);
INSERT INTO responsibles (responsible_id,user_role_id,teaching_plan_id) VALUES (14,14,14);
INSERT INTO responsibles (responsible_id,user_role_id,teaching_plan_id) VALUES (15,15,15);
INSERT INTO responsibles (responsible_id,user_role_id,teaching_plan_id) VALUES (16,16,16);
INSERT INTO responsibles (responsible_id,user_role_id,teaching_plan_id) VALUES (17,17,17);
INSERT INTO responsibles (responsible_id,user_role_id,teaching_plan_id) VALUES (18,18,18);
INSERT INTO responsibles (responsible_id,user_role_id,teaching_plan_id) VALUES (19,19,19);
INSERT INTO responsibles (responsible_id,user_role_id,teaching_plan_id) VALUES (20,20,20);
INSERT INTO responsibles (responsible_id,user_role_id,teaching_plan_id) VALUES (21,21,21);
INSERT INTO responsibles (responsible_id,user_role_id,teaching_plan_id) VALUES (22,22,22);
INSERT INTO responsibles (responsible_id,user_role_id,teaching_plan_id) VALUES (23,23,23);
INSERT INTO responsibles (responsible_id,user_role_id,teaching_plan_id) VALUES (24,24,24);


## Verification ##
INSERT INTO verifications (verification_id,creation_date,evaluation_date,observation,status,responsible_id) VALUES (1,'2015-08-25 07:10','2015-09-25 07:10','Observação verificação1',1,1);
INSERT INTO verifications (verification_id,creation_date,evaluation_date,observation,status,responsible_id) VALUES (2,'2015-08-26 08:20','2015-10-25 07:10','Observação verificação2',2,2);
INSERT INTO verifications (verification_id,creation_date,evaluation_date,observation,status,responsible_id) VALUES (3,'2015-08-27 09:30','2015-11-25 07:10','Observação verificação3',3,3);
INSERT INTO verifications (verification_id,creation_date,evaluation_date,observation,status,responsible_id) VALUES (4,'2015-08-28 10:40','2015-12-25 07:10','Observação verificação4',1,4);
INSERT INTO verifications (verification_id,creation_date,evaluation_date,observation,status,responsible_id) VALUES (5,'2015-08-29 11:50','2015-01-25 07:10','Observação verificação5',2,5);
INSERT INTO verifications (verification_id,creation_date,evaluation_date,observation,status,responsible_id) VALUES (6,'2015-08-30 12:55','2015-02-25 07:10','Observação verificação6',3,6);
INSERT INTO verifications (verification_id,creation_date,evaluation_date,observation,status,responsible_id) VALUES (7,'2015-08-25 07:10','2015-03-25 07:10','Observação verificação1',1,7);
INSERT INTO verifications (verification_id,creation_date,evaluation_date,observation,status,responsible_id) VALUES (8,'2015-08-26 08:20','2015-04-25 07:10','Observação verificação2',2,8);
INSERT INTO verifications (verification_id,creation_date,evaluation_date,observation,status,responsible_id) VALUES (9,'2015-08-27 09:30','2015-05-25 07:10','Observação verificação3',3,9);
INSERT INTO verifications (verification_id,creation_date,evaluation_date,observation,status,responsible_id) VALUES (10,'2015-08-28 10:40','2015-06-25 07:10','Observação verificação4',1,10);
INSERT INTO verifications (verification_id,creation_date,evaluation_date,observation,status,responsible_id) VALUES (11,'2015-08-29 11:50','2015-07-25 07:10','Observação verificação5',2,11);
INSERT INTO verifications (verification_id,creation_date,evaluation_date,observation,status,responsible_id) VALUES (12,'2015-08-30 12:55','2015-08-25 07:10','Observação verificação6',3,12);
INSERT INTO verifications (verification_id,creation_date,evaluation_date,observation,status,responsible_id) VALUES (13,'2015-08-25 07:10','2015-09-25 07:10','Observação verificação1',1,13);
INSERT INTO verifications (verification_id,creation_date,evaluation_date,observation,status,responsible_id) VALUES (14,'2015-08-26 08:20','2015-10-25 07:10','Observação verificação2',2,14);
INSERT INTO verifications (verification_id,creation_date,evaluation_date,observation,status,responsible_id) VALUES (15,'2015-08-27 09:30','2015-08-25 07:10','Observação verificação3',3,15);
INSERT INTO verifications (verification_id,creation_date,evaluation_date,observation,status,responsible_id) VALUES (16,'2015-08-28 10:40','2015-08-25 07:10','Observação verificação4',1,16);
INSERT INTO verifications (verification_id,creation_date,evaluation_date,observation,status,responsible_id) VALUES (17,'2015-08-29 11:50','2015-08-25 07:10','Observação verificação5',2,17);
INSERT INTO verifications (verification_id,creation_date,evaluation_date,observation,status,responsible_id) VALUES (18,'2015-08-30 12:55','2015-08-25 07:10','Observação verificação6',3,18);
INSERT INTO verifications (verification_id,creation_date,evaluation_date,observation,status,responsible_id) VALUES (19,'2015-08-25 07:10','2015-08-25 07:10','Observação verificação1',1,19);
INSERT INTO verifications (verification_id,creation_date,evaluation_date,observation,status,responsible_id) VALUES (20,'2015-08-26 08:20','2015-08-25 07:10','Observação verificação2',2,20);
INSERT INTO verifications (verification_id,creation_date,evaluation_date,observation,status,responsible_id) VALUES (21,'2015-08-27 09:30','2015-08-25 07:10','Observação verificação3',3,21);
INSERT INTO verifications (verification_id,creation_date,evaluation_date,observation,status,responsible_id) VALUES (22,'2015-08-28 10:40','2015-08-25 07:10','Observação verificação4',1,22);
INSERT INTO verifications (verification_id,creation_date,evaluation_date,observation,status,responsible_id) VALUES (23,'2015-08-29 11:50','2015-08-25 07:10','Observação verificação5',2,23);
INSERT INTO verifications (verification_id,creation_date,evaluation_date,observation,status,responsible_id) VALUES (24,'2015-08-30 12:55','2015-08-25 07:10','Observação verificação6',3,24);

## Pages ##
INSERT INTO pages (page_id,name,url) VALUES (1,'--DefaultMenu--','');
INSERT INTO pages (page_id,name,url) VALUES (2,'AcademicPeriod','listAcademicPeriod.xhtml');
INSERT INTO pages (page_id,name,url) VALUES (3,'AcademicPeriodCourse','listAcademicPeriodCourse.xhtml');
INSERT INTO pages (page_id,name,url) VALUES (4,'Author','listAuthor.xhtml');
INSERT INTO pages (page_id,name,url) VALUES (5,'Bibliography','listBibliography.xhtml');
INSERT INTO pages (page_id,name,url) VALUES (6,'BibliographyAuthor','listBibliographyAuthor.xhtml');
INSERT INTO pages (page_id,name,url) VALUES (7,'Campus','listCampus.xhtml');
INSERT INTO pages (page_id,name,url) VALUES (8,'CampusCourse','listCampusCourse.xhtml');
INSERT INTO pages (page_id,name,url) VALUES (9,'ClassProgramming','listClassProgramming.xhtml');
INSERT INTO pages (page_id,name,url) VALUES (10,'Course','listCourse.xhtml');
INSERT INTO pages (page_id,name,url) VALUES (11,'Discipline','listDiscipline.xhtml');
INSERT INTO pages (page_id,name,url) VALUES (12,'DisciplineBibliography','listDisciplineBibliography.xhtml');
INSERT INTO pages (page_id,name,url) VALUES (13,'Evaluation','listEvaluation.xhtml');
INSERT INTO pages (page_id,name,url) VALUES (14,'Page','listPage.xhtml');
INSERT INTO pages (page_id,name,url) VALUES (15,'Ppc','listPpc.xhtml');
INSERT INTO pages (page_id,name,url) VALUES (16,'PpcDiscipline','listPpcDiscipline.xhtml');
INSERT INTO pages (page_id,name,url) VALUES (17,'ProcedureEvaluation','listProcedureEvaluation.xhtml');
INSERT INTO pages (page_id,name,url) VALUES (18,'Rectory','listRectory.xhtml');
INSERT INTO pages (page_id,name,url) VALUES (19,'Responsible','listResponsible.xhtml');
INSERT INTO pages (page_id,name,url) VALUES (20,'Role','listRole.xhtml');
INSERT INTO pages (page_id,name,url) VALUES (21,'TeachingPlan','listTeachingPlan.xhtml');
INSERT INTO pages (page_id,name,url) VALUES (22,'Traineeship','listTraineeship.xhtml');
INSERT INTO pages (page_id,name,url) VALUES (23,'UserRole','listUserRole.xhtml');
INSERT INTO pages (page_id,name,url) VALUES (24,'Users','listUsers.xhtml');
INSERT INTO pages (page_id,name,url) VALUES (25,'Verification','listVerification.xhtml');
INSERT INTO pages (page_id,name,url) VALUES (26,'Action','listAction.xhtml');
INSERT INTO pages (page_id,name,url) VALUES (27,'Menu','listMenu.xhtml');
INSERT INTO pages (page_id,name,url) VALUES (28,'PageRole','listPageRole.xhtml');
INSERT INTO pages (page_id,name,url) VALUES (29,'Home','home.xhtml');
INSERT INTO pages (page_id,name,url) VALUES (30,'CompleteTeachingPlan','listCompleteTeachingPlan.xhtml');
INSERT INTO pages (page_id,name,url) VALUES (31,'TeachingPlanVerification','listTeachingPlanVerification.xhtml');
INSERT INTO pages (page_id,name,url) VALUES (32,'TeachingPlansToEvaluate','teachingPlansToEvaluate.xhtml');
INSERT INTO pages (page_id,name,url) VALUES (33,'FillTeachingPlan','listFillTeachingPlan.xhtml');
INSERT INTO pages (page_id,name,url) VALUES (34,'EvaluateTeachingPlan','listEvaluateTeachingPlan.xhtml');
INSERT INTO pages (page_id,name,url) VALUES (35,'ClassProgrammingByTeachingPlan','listClassProgrammingByTeachingPlan.xhtml');
INSERT INTO pages (page_id,name,url) VALUES (36,'ProcedureEvaluationByTeachingPlan','listProcedureEvaluationByTeachingPlan.xhtml');

## Action ##
INSERT INTO actions (action_id,description) VALUES (1,'Listar');
INSERT INTO actions (action_id,description) VALUES (2,'Incluir');
INSERT INTO actions (action_id,description) VALUES (3,'Editar');
INSERT INTO actions (action_id,description) VALUES (4,'Excluir');
INSERT INTO actions (action_id,description) VALUES (5,'Ação 5');
INSERT INTO actions (action_id,description) VALUES (6,'Ação 6');
INSERT INTO actions (action_id,description) VALUES (7,'Ação 7');
INSERT INTO actions (action_id,description) VALUES (8,'Ação 8');
INSERT INTO actions (action_id,description) VALUES (9,'Ação 9');
INSERT INTO actions (action_id,description) VALUES (10,'Ação 10');
INSERT INTO actions (action_id,description) VALUES (11,'Ação 11');
INSERT INTO actions (action_id,description) VALUES (12,'Ação 12');
INSERT INTO actions (action_id,description) VALUES (13,'Ação 13');
INSERT INTO actions (action_id,description) VALUES (14,'Ação 14');
INSERT INTO actions (action_id,description) VALUES (15,'Ação 15');
INSERT INTO actions (action_id,description) VALUES (16,'Ação 16');
INSERT INTO actions (action_id,description) VALUES (17,'Ação 17');
INSERT INTO actions (action_id,description) VALUES (18,'Ação 18');
INSERT INTO actions (action_id,description) VALUES (19,'Ação 19');
INSERT INTO actions (action_id,description) VALUES (20,'Ação 20');
INSERT INTO actions (action_id,description) VALUES (21,'Ação 21');
INSERT INTO actions (action_id,description) VALUES (22,'Ação 22');
INSERT INTO actions (action_id,description) VALUES (23,'Ação 23');
INSERT INTO actions (action_id,description) VALUES (24,'Ação 24');

## Pages Roles ##
INSERT INTO pages_roles (page_id,role_id,action_id) VALUES (1,1,1);
INSERT INTO pages_roles (page_id,role_id,action_id) VALUES (1,1,2);
INSERT INTO pages_roles (page_id,role_id,action_id) VALUES (1,1,3);
INSERT INTO pages_roles (page_id,role_id,action_id) VALUES (1,1,4);
INSERT INTO pages_roles (page_id,role_id,action_id) VALUES (2,1,1);
INSERT INTO pages_roles (page_id,role_id,action_id) VALUES (2,1,2);
INSERT INTO pages_roles (page_id,role_id,action_id) VALUES (2,1,3);
INSERT INTO pages_roles (page_id,role_id,action_id) VALUES (2,1,4);
INSERT INTO pages_roles (page_id,role_id,action_id) VALUES (3,1,1);
INSERT INTO pages_roles (page_id,role_id,action_id) VALUES (3,1,2);
INSERT INTO pages_roles (page_id,role_id,action_id) VALUES (3,1,3);
INSERT INTO pages_roles (page_id,role_id,action_id) VALUES (3,1,4);
INSERT INTO pages_roles (page_id,role_id,action_id) VALUES (4,1,1);
INSERT INTO pages_roles (page_id,role_id,action_id) VALUES (4,1,2);
INSERT INTO pages_roles (page_id,role_id,action_id) VALUES (4,1,3);
INSERT INTO pages_roles (page_id,role_id,action_id) VALUES (4,1,4);
INSERT INTO pages_roles (page_id,role_id,action_id) VALUES (5,1,1);
INSERT INTO pages_roles (page_id,role_id,action_id) VALUES (5,1,2);
INSERT INTO pages_roles (page_id,role_id,action_id) VALUES (5,1,3);
INSERT INTO pages_roles (page_id,role_id,action_id) VALUES (5,1,4);
INSERT INTO pages_roles (page_id,role_id,action_id) VALUES (6,1,1);
INSERT INTO pages_roles (page_id,role_id,action_id) VALUES (6,1,2);
INSERT INTO pages_roles (page_id,role_id,action_id) VALUES (6,1,3);
INSERT INTO pages_roles (page_id,role_id,action_id) VALUES (6,1,4);
INSERT INTO pages_roles (page_id,role_id,action_id) VALUES (7,1,1);
INSERT INTO pages_roles (page_id,role_id,action_id) VALUES (7,1,2);
INSERT INTO pages_roles (page_id,role_id,action_id) VALUES (7,1,3);
INSERT INTO pages_roles (page_id,role_id,action_id) VALUES (7,1,4);
INSERT INTO pages_roles (page_id,role_id,action_id) VALUES (8,1,1);
INSERT INTO pages_roles (page_id,role_id,action_id) VALUES (8,1,2);
INSERT INTO pages_roles (page_id,role_id,action_id) VALUES (8,1,3);
INSERT INTO pages_roles (page_id,role_id,action_id) VALUES (8,1,4);
INSERT INTO pages_roles (page_id,role_id,action_id) VALUES (9,1,1);
INSERT INTO pages_roles (page_id,role_id,action_id) VALUES (9,1,2);
INSERT INTO pages_roles (page_id,role_id,action_id) VALUES (9,1,3);
INSERT INTO pages_roles (page_id,role_id,action_id) VALUES (9,1,4);
INSERT INTO pages_roles (page_id,role_id,action_id) VALUES (10,1,1);
INSERT INTO pages_roles (page_id,role_id,action_id) VALUES (10,1,2);
INSERT INTO pages_roles (page_id,role_id,action_id) VALUES (10,1,3);
INSERT INTO pages_roles (page_id,role_id,action_id) VALUES (10,1,4);
INSERT INTO pages_roles (page_id,role_id,action_id) VALUES (11,1,1);
INSERT INTO pages_roles (page_id,role_id,action_id) VALUES (11,1,2);
INSERT INTO pages_roles (page_id,role_id,action_id) VALUES (11,1,3);
INSERT INTO pages_roles (page_id,role_id,action_id) VALUES (11,1,4);
INSERT INTO pages_roles (page_id,role_id,action_id) VALUES (12,1,1);
INSERT INTO pages_roles (page_id,role_id,action_id) VALUES (12,1,2);
INSERT INTO pages_roles (page_id,role_id,action_id) VALUES (12,1,3);
INSERT INTO pages_roles (page_id,role_id,action_id) VALUES (12,1,4);
INSERT INTO pages_roles (page_id,role_id,action_id) VALUES (13,1,1);
INSERT INTO pages_roles (page_id,role_id,action_id) VALUES (13,1,2);
INSERT INTO pages_roles (page_id,role_id,action_id) VALUES (13,1,3);
INSERT INTO pages_roles (page_id,role_id,action_id) VALUES (13,1,4);
INSERT INTO pages_roles (page_id,role_id,action_id) VALUES (14,1,1);
INSERT INTO pages_roles (page_id,role_id,action_id) VALUES (14,1,2);
INSERT INTO pages_roles (page_id,role_id,action_id) VALUES (14,1,3);
INSERT INTO pages_roles (page_id,role_id,action_id) VALUES (14,1,4);
INSERT INTO pages_roles (page_id,role_id,action_id) VALUES (15,1,1);
INSERT INTO pages_roles (page_id,role_id,action_id) VALUES (15,1,2);
INSERT INTO pages_roles (page_id,role_id,action_id) VALUES (15,1,3);
INSERT INTO pages_roles (page_id,role_id,action_id) VALUES (15,1,4);
INSERT INTO pages_roles (page_id,role_id,action_id) VALUES (16,1,1);
INSERT INTO pages_roles (page_id,role_id,action_id) VALUES (16,1,2);
INSERT INTO pages_roles (page_id,role_id,action_id) VALUES (16,1,3);
INSERT INTO pages_roles (page_id,role_id,action_id) VALUES (16,1,4);
INSERT INTO pages_roles (page_id,role_id,action_id) VALUES (17,1,1);
INSERT INTO pages_roles (page_id,role_id,action_id) VALUES (17,1,2);
INSERT INTO pages_roles (page_id,role_id,action_id) VALUES (17,1,3);
INSERT INTO pages_roles (page_id,role_id,action_id) VALUES (17,1,4);
INSERT INTO pages_roles (page_id,role_id,action_id) VALUES (18,1,1);
INSERT INTO pages_roles (page_id,role_id,action_id) VALUES (18,1,2);
INSERT INTO pages_roles (page_id,role_id,action_id) VALUES (18,1,3);
INSERT INTO pages_roles (page_id,role_id,action_id) VALUES (18,1,4);
INSERT INTO pages_roles (page_id,role_id,action_id) VALUES (19,1,1);
INSERT INTO pages_roles (page_id,role_id,action_id) VALUES (19,1,2);
INSERT INTO pages_roles (page_id,role_id,action_id) VALUES (19,1,3);
INSERT INTO pages_roles (page_id,role_id,action_id) VALUES (19,1,4);
INSERT INTO pages_roles (page_id,role_id,action_id) VALUES (20,1,1);
INSERT INTO pages_roles (page_id,role_id,action_id) VALUES (20,1,2);
INSERT INTO pages_roles (page_id,role_id,action_id) VALUES (20,1,3);
INSERT INTO pages_roles (page_id,role_id,action_id) VALUES (20,1,4);
INSERT INTO pages_roles (page_id,role_id,action_id) VALUES (21,1,1);
INSERT INTO pages_roles (page_id,role_id,action_id) VALUES (21,1,2);
INSERT INTO pages_roles (page_id,role_id,action_id) VALUES (21,1,3);
INSERT INTO pages_roles (page_id,role_id,action_id) VALUES (21,1,4);
INSERT INTO pages_roles (page_id,role_id,action_id) VALUES (22,1,1);
INSERT INTO pages_roles (page_id,role_id,action_id) VALUES (22,1,2);
INSERT INTO pages_roles (page_id,role_id,action_id) VALUES (22,1,3);
INSERT INTO pages_roles (page_id,role_id,action_id) VALUES (22,1,4);
INSERT INTO pages_roles (page_id,role_id,action_id) VALUES (23,1,1);
INSERT INTO pages_roles (page_id,role_id,action_id) VALUES (23,1,2);
INSERT INTO pages_roles (page_id,role_id,action_id) VALUES (23,1,3);
INSERT INTO pages_roles (page_id,role_id,action_id) VALUES (23,1,4);
INSERT INTO pages_roles (page_id,role_id,action_id) VALUES (24,1,1);
INSERT INTO pages_roles (page_id,role_id,action_id) VALUES (24,1,2);
INSERT INTO pages_roles (page_id,role_id,action_id) VALUES (24,1,3);
INSERT INTO pages_roles (page_id,role_id,action_id) VALUES (24,1,4);
INSERT INTO pages_roles (page_id,role_id,action_id) VALUES (25,1,1);
INSERT INTO pages_roles (page_id,role_id,action_id) VALUES (25,1,2);
INSERT INTO pages_roles (page_id,role_id,action_id) VALUES (25,1,3);
INSERT INTO pages_roles (page_id,role_id,action_id) VALUES (25,1,4);
INSERT INTO pages_roles (page_id,role_id,action_id) VALUES (26,1,1);
INSERT INTO pages_roles (page_id,role_id,action_id) VALUES (26,1,2);
INSERT INTO pages_roles (page_id,role_id,action_id) VALUES (26,1,3);
INSERT INTO pages_roles (page_id,role_id,action_id) VALUES (26,1,4);
INSERT INTO pages_roles (page_id,role_id,action_id) VALUES (27,1,1);
INSERT INTO pages_roles (page_id,role_id,action_id) VALUES (27,1,2);
INSERT INTO pages_roles (page_id,role_id,action_id) VALUES (27,1,3);
INSERT INTO pages_roles (page_id,role_id,action_id) VALUES (27,1,4);
INSERT INTO pages_roles (page_id,role_id,action_id) VALUES (28,1,1);
INSERT INTO pages_roles (page_id,role_id,action_id) VALUES (28,1,2);
INSERT INTO pages_roles (page_id,role_id,action_id) VALUES (28,1,3);
INSERT INTO pages_roles (page_id,role_id,action_id) VALUES (28,1,4);
INSERT INTO pages_roles (page_id,role_id,action_id) VALUES (29,1,1);
INSERT INTO pages_roles (page_id,role_id,action_id) VALUES (29,1,2);
INSERT INTO pages_roles (page_id,role_id,action_id) VALUES (29,1,3);
INSERT INTO pages_roles (page_id,role_id,action_id) VALUES (29,1,4);
INSERT INTO pages_roles (page_id,role_id,action_id) VALUES (30,1,1);
INSERT INTO pages_roles (page_id,role_id,action_id) VALUES (30,1,2);
INSERT INTO pages_roles (page_id,role_id,action_id) VALUES (30,1,3);
INSERT INTO pages_roles (page_id,role_id,action_id) VALUES (30,1,4);
INSERT INTO pages_roles (page_id,role_id,action_id) VALUES (31,1,1);
INSERT INTO pages_roles (page_id,role_id,action_id) VALUES (31,1,2);
INSERT INTO pages_roles (page_id,role_id,action_id) VALUES (31,1,3);
INSERT INTO pages_roles (page_id,role_id,action_id) VALUES (31,1,4);
INSERT INTO pages_roles (page_id,role_id,action_id) VALUES (32,1,1);
INSERT INTO pages_roles (page_id,role_id,action_id) VALUES (32,1,2);
INSERT INTO pages_roles (page_id,role_id,action_id) VALUES (32,1,3);
INSERT INTO pages_roles (page_id,role_id,action_id) VALUES (32,1,4);
INSERT INTO pages_roles (page_id,role_id,action_id) VALUES (33,1,1);
INSERT INTO pages_roles (page_id,role_id,action_id) VALUES (33,1,2);
INSERT INTO pages_roles (page_id,role_id,action_id) VALUES (33,1,3);
INSERT INTO pages_roles (page_id,role_id,action_id) VALUES (33,1,4);
INSERT INTO pages_roles (page_id,role_id,action_id) VALUES (34,1,1);
INSERT INTO pages_roles (page_id,role_id,action_id) VALUES (34,1,2);
INSERT INTO pages_roles (page_id,role_id,action_id) VALUES (34,1,3);
INSERT INTO pages_roles (page_id,role_id,action_id) VALUES (34,1,4);
INSERT INTO pages_roles (page_id,role_id,action_id) VALUES (35,1,1);
INSERT INTO pages_roles (page_id,role_id,action_id) VALUES (35,1,2);
INSERT INTO pages_roles (page_id,role_id,action_id) VALUES (35,1,3);
INSERT INTO pages_roles (page_id,role_id,action_id) VALUES (35,1,4);
INSERT INTO pages_roles (page_id,role_id,action_id) VALUES (36,1,1);
INSERT INTO pages_roles (page_id,role_id,action_id) VALUES (36,1,2);
INSERT INTO pages_roles (page_id,role_id,action_id) VALUES (36,1,3);
INSERT INTO pages_roles (page_id,role_id,action_id) VALUES (36,1,4);

## Menu ##
INSERT INTO menus (menu_id, parent_id, description, menu_order, page_id) VALUES (1,NULL,'Pedagógico',4,1);
INSERT INTO menus (menu_id, parent_id, description, menu_order, page_id) VALUES (2,NULL,'Instituição',2,1);
INSERT INTO menus (menu_id, parent_id, description, menu_order, page_id) VALUES (4,NULL,'Período Acadêmico',9,1);
INSERT INTO menus (menu_id, parent_id, description, menu_order, page_id) VALUES (6,NULL,'Funções',13,1);
INSERT INTO menus (menu_id, parent_id, description, menu_order, page_id) VALUES (7,NULL,'Sistema',12,1);
INSERT INTO menus (menu_id, parent_id, description, menu_order, page_id) VALUES (38,NULL,'Bibliografias',5,1);
INSERT INTO menus (menu_id, parent_id, description, menu_order, page_id) VALUES (39,NULL,'Plano de Ensino',7,1);

INSERT INTO menus (menu_id, parent_id, description, menu_order, page_id) VALUES (9,1,'PPC´s',3,15);
INSERT INTO menus (menu_id, parent_id, description, menu_order, page_id) VALUES (10,1,'Disciplinas',4,11);
INSERT INTO menus (menu_id, parent_id, description, menu_order, page_id) VALUES (11,1,'Disciplinas dos PPC´s',5,16);
INSERT INTO menus (menu_id, parent_id, description, menu_order, page_id) VALUES (12,1,'Cursos',2,10);
INSERT INTO menus (menu_id, parent_id, description, menu_order, page_id) VALUES (13,1,'Estágios',8,22);
INSERT INTO menus (menu_id, parent_id, description, menu_order, page_id) VALUES (14,39,'Planos de Ensino',1,21);
INSERT INTO menus (menu_id, parent_id, description, menu_order, page_id) VALUES (15,39,'Programação das Aulas',2,9);
INSERT INTO menus (menu_id, parent_id, description, menu_order, page_id) VALUES (16,2,'Reitorias',1,18);
INSERT INTO menus (menu_id, parent_id, description, menu_order, page_id) VALUES (17,2,'Campus',2,7);
INSERT INTO menus (menu_id, parent_id, description, menu_order, page_id) VALUES (18,2,'Cursos do Campus',3,8);
INSERT INTO menus (menu_id, parent_id, description, menu_order, page_id) VALUES (19,38,'Autores',2,4);
INSERT INTO menus (menu_id, parent_id, description, menu_order, page_id) VALUES (20,38,'Autores das Bibliografias',4,6);
INSERT INTO menus (menu_id, parent_id, description, menu_order, page_id) VALUES (21,38,'Bibliografias',3,5);
INSERT INTO menus (menu_id, parent_id, description, menu_order, page_id) VALUES (22,1,'Bibliografias das Disciplinas',6,12);
INSERT INTO menus (menu_id, parent_id, description, menu_order, page_id) VALUES (23,4,'Responsáveis',3,19);
INSERT INTO menus (menu_id, parent_id, description, menu_order, page_id) VALUES (24,39,'Verificações',7,25);
INSERT INTO menus (menu_id, parent_id, description, menu_order, page_id) VALUES (25,4,'Períodos Acadêmicos',1,2);
INSERT INTO menus (menu_id, parent_id, description, menu_order, page_id) VALUES (26,4,'Períodos Acadêmicos dos Cursos',2,3);
INSERT INTO menus (menu_id, parent_id, description, menu_order, page_id) VALUES (27,39,'Avaliações',3,13);
INSERT INTO menus (menu_id, parent_id, description, menu_order, page_id) VALUES (28,39,'Procedimentos de Avaliação',4,17);
INSERT INTO menus (menu_id, parent_id, description, menu_order, page_id) VALUES (29,6,'Funções',1,20);
INSERT INTO menus (menu_id, parent_id, description, menu_order, page_id) VALUES (30,6,'Funções do Usuário',2,23);
INSERT INTO menus (menu_id, parent_id, description, menu_order, page_id) VALUES (31,7,'Páginas',1,14);
INSERT INTO menus (menu_id, parent_id, description, menu_order, page_id) VALUES (32,7,'Funções das Páginas',2,28);
INSERT INTO menus (menu_id, parent_id, description, menu_order, page_id) VALUES (33,7,'Ações',3,26);
INSERT INTO menus (menu_id, parent_id, description, menu_order, page_id) VALUES (34,7,'Menus',4,27);
INSERT INTO menus (menu_id, parent_id, description, menu_order, page_id) VALUES (35,7,'Usuários',5,24);
INSERT INTO menus (menu_id, parent_id, description, menu_order, page_id) VALUES (36,39,'Plano de Ensino Completo',5,30);
INSERT INTO menus (menu_id, parent_id, description, menu_order, page_id) VALUES (37,39,'Verificações do Plano de Ensino',6,31);